,month,location,Violence and sexual offences,Anti-social behaviour,Public order,Criminal damage and arson,Other theft,Vehicle crime,Burglary,Shoplifting,Drugs,Bicycle theft,Other crime,Robbery,Possession of weapons,Theft from the person
0,2020-06,avon-and-somerset-street,4270,3785.0,1721,1137,776,638,603,513,334,248,226,139,78,56
1,2020-06,bedfordshire-street,1526,1539.0,483,409,295,368,237,174,149,106,113,50,23,26
2,2020-06,btp-street,427,,434,295,200,19,14,41,233,196,33,27,45,97
3,2020-06,cambridgeshire-street,2200,1610.0,559,577,430,303,285,239,200,270,149,36,45,27
4,2020-06,cheshire-street,3297,2517.0,1144,633,381,135,240,327,172,81,150,30,31,13
5,2020-06,city-of-london-street,26,47.0,24,10,22,5,9,48,53,39,15,5,7,13
6,2020-06,cleveland-street,2352,2713.0,667,698,325,177,297,223,205,46,198,47,54,34
7,2020-06,cumbria-street,1375,1016.0,403,373,167,58,115,82,95,23,49,11,21,5
8,2020-06,derbyshire-street,3220,4265.0,819,716,414,323,270,233,244,84,199,43,101,40
9,2020-06,devon-and-cornwall-street,3580,4105.0,584,1074,508,242,286,308,435,62,177,39,92,29
10,2020-06,dorset-street,1860,2863.0,317,554,345,344,247,203,119,120,43,36,36,38
11,2020-06,durham-street,2273,2102.0,478,636,373,159,241,198,140,29,172,16,19,34
12,2020-06,dyfed-powys-street,1247,1795.0,233,239,172,61,109,78,255,11,79,6,13,5
13,2020-06,essex-street,6209,5026.0,1531,1316,842,780,546,482,708,173,323,117,108,46
14,2020-06,gloucestershire-street,1417,2711.0,354,377,325,210,189,184,127,79,75,30,23,7
15,2020-06,gwent-street,1738,2123.0,743,127,268,177,163,176,214,23,151,26,28,19
16,2020-06,hampshire-street,5356,4260.0,1574,1218,691,567,673,594,543,221,267,94,200,90
17,2020-06,hertfordshire-street,2453,2850.0,497,659,566,506,293,501,262,173,162,52,65,30
18,2020-06,humberside-street,2977,1758.0,909,785,468,237,415,412,186,89,221,40,30,16
19,2020-06,kent-street,6625,4975.0,1239,1476,839,658,521,663,366,96,412,108,119,48
20,2020-06,lancashire-street,5503,14930.0,1053,1477,875,463,707,451,295,111,282,81,83,70
21,2020-06,leicestershire-street,2913,1453.0,988,766,488,407,311,230,255,101,163,57,49,64
22,2020-06,lincolnshire-street,1902,1980.0,397,541,302,205,257,234,178,88,114,16,41,13
23,2020-06,merseyside-street,4506,4074.0,1297,1076,557,486,501,353,1187,120,253,88,118,68
24,2020-06,metropolitan-street,19629,39584.0,4966,4353,5387,8102,4320,2400,4665,2548,882,1705,463,1194
25,2020-06,norfolk-street,2532,1420.0,692,627,401,154,182,225,268,73,166,22,54,25
26,2020-06,north-wales-street,2276,1607.0,540,471,298,64,157,259,164,29,117,14,31,9
27,2020-06,north-yorkshire-street,1528,2801.0,322,372,279,131,200,183,178,95,97,14,33,9
28,2020-06,northamptonshire-street,2522,2286.0,423,477,387,249,254,242,172,63,127,49,62,14
29,2020-06,northern-ireland-street,3430,6839.0,88,1342,665,181,349,269,716,79,187,42,96,12
30,2020-06,northumbria-street,4284,6274.0,1594,1582,853,515,484,530,241,180,342,55,120,64
31,2020-06,nottinghamshire-street,2976,4368.0,696,870,557,385,452,596,386,115,286,66,85,54
32,2020-06,south-wales-street,3355,5044.0,1253,880,581,448,390,450,469,135,181,39,79,53
33,2020-06,south-yorkshire-street,4324,3558.0,1321,1169,725,635,708,414,388,75,420,96,116,42
34,2020-06,staffordshire-street,3016,2977.0,496,733,518,294,253,251,153,88,141,53,42,30
35,2020-06,suffolk-street,2094,1025.0,540,511,318,157,216,166,185,57,111,28,40,25
36,2020-06,surrey-street,2282,2732.0,864,763,413,460,291,230,304,116,127,58,60,20
37,2020-06,sussex-street,3815,4987.0,1104,1045,622,504,425,457,419,221,241,104,152,44
38,2020-06,thames-valley-street,5807,2864.0,1107,1387,986,1077,725,708,617,446,392,116,183,174
39,2020-06,warwickshire-street,1521,1708.0,335,292,259,245,173,188,117,42,101,33,49,5
40,2020-06,west-mercia-street,3150,5330.0,479,678,491,260,375,415,262,94,121,33,83,13
41,2020-06,west-midlands-street,10155,4592.0,2168,1885,1257,1643,1342,681,449,177,425,493,213,86
42,2020-06,west-yorkshire-street,9796,5388.0,3041,2163,1326,1085,1180,675,764,197,635,183,180,117
43,2020-06,wiltshire-street,1426,1265.0,317,420,242,162,137,158,163,50,65,22,20,11
44,2020-07,avon-and-somerset-street,4769,3873.0,2060,1315,896,689,587,578,306,353,190,154,94,73
45,2020-07,bedfordshire-street,1535,1633.0,489,434,331,329,278,182,139,89,91,70,37,33
46,2020-07,btp-street,615,,600,299,273,24,13,66,263,295,36,58,63,181
47,2020-07,cambridgeshire-street,2529,1647.0,624,675,448,322,295,276,210,328,138,56,55,45
48,2020-07,cheshire-street,3461,2110.0,1147,753,453,220,241,420,145,107,156,33,22,17
49,2020-07,city-of-london-street,43,47.0,26,21,41,20,14,64,69,44,14,10,6,44
50,2020-07,cleveland-street,2400,2559.0,629,780,395,196,305,242,201,50,181,55,54,42
51,2020-07,cumbria-street,1604,763.0,389,445,211,45,161,105,93,19,75,6,27,9
52,2020-07,derbyshire-street,3427,3265.0,933,866,437,321,316,318,245,101,190,45,107,34
53,2020-07,devon-and-cornwall-street,4124,4309.0,830,1225,598,315,360,326,441,57,186,44,117,37
54,2020-07,dorset-street,2169,2634.0,404,600,412,372,226,254,118,112,54,34,31,42
55,2020-07,durham-street,2726,2086.0,595,776,351,166,241,283,138,30,170,9,23,40
56,2020-07,dyfed-powys-street,1315,1562.0,264,292,178,44,115,93,212,16,65,2,35,5
57,2020-07,essex-street,6747,4978.0,1672,1389,876,876,554,660,557,191,297,133,107,73
58,2020-07,gloucestershire-street,1560,2348.0,334,436,321,240,224,231,152,103,60,40,21,10
59,2020-07,gwent-street,1747,1766.0,832,111,327,194,207,198,181,24,149,13,17,18
60,2020-07,hampshire-street,6078,4364.0,1907,1367,791,717,739,704,508,227,255,121,218,75
61,2020-07,hertfordshire-street,2712,3256.0,594,729,555,613,319,604,236,134,165,70,61,59
62,2020-07,humberside-street,3504,1781.0,1094,1001,543,221,489,510,143,122,267,68,53,31
63,2020-07,kent-street,7922,4750.0,1249,1829,1100,739,537,902,354,150,495,139,109,82
64,2020-07,lancashire-street,6092,6812.0,1150,1633,982,515,781,543,290,99,263,89,110,69
65,2020-07,leicestershire-street,3067,1365.0,961,802,497,454,369,224,246,83,162,80,81,50
66,2020-07,lincolnshire-street,2222,1936.0,539,562,391,182,350,358,178,85,112,26,55,9
67,2020-07,merseyside-street,4966,3399.0,1454,1187,601,444,617,452,1138,151,281,75,135,80
68,2020-07,metropolitan-street,20991,35588.0,5584,4692,6977,8811,4928,3099,4569,2833,892,2168,453,2072
69,2020-07,norfolk-street,2925,1433.0,762,654,398,138,210,280,194,87,181,39,51,38
70,2020-07,north-wales-street,2648,1783.0,647,577,339,108,227,262,140,41,126,17,19,12
71,2020-07,north-yorkshire-street,1772,2395.0,326,442,296,149,215,209,146,75,85,16,41,13
72,2020-07,northamptonshire-street,2833,1927.0,558,524,370,271,304,224,165,69,163,80,70,19
73,2020-07,northern-ireland-street,3729,7033.0,102,1666,758,218,324,421,731,81,238,38,107,29
74,2020-07,northumbria-street,5079,1368.0,1927,1711,934,575,547,718,317,246,368,70,120,75
75,2020-07,nottinghamshire-street,3311,4231.0,672,998,670,487,409,711,374,152,274,86,120,79
76,2020-07,south-wales-street,3621,3967.0,1334,994,679,498,470,556,513,132,160,45,65,64
77,2020-07,south-yorkshire-street,4848,3384.0,1451,1429,852,884,813,640,382,107,437,121,132,52
78,2020-07,staffordshire-street,2942,2939.0,397,759,483,332,327,380,105,82,110,60,43,18
79,2020-07,suffolk-street,2190,1249.0,568,573,330,237,200,196,153,66,119,24,29,24
80,2020-07,surrey-street,2561,2685.0,942,809,533,498,326,299,288,167,149,33,65,33
81,2020-07,sussex-street,4433,4371.0,1195,1223,811,533,483,561,425,233,237,108,198,58
82,2020-07,thames-valley-street,6565,3179.0,1295,1647,1184,1079,784,934,652,543,349,144,216,246
83,2020-07,warwickshire-street,1582,1499.0,306,371,253,305,197,230,121,37,92,35,50,11
84,2020-07,west-mercia-street,3535,4591.0,485,774,477,299,390,466,270,103,94,70,102,26
85,2020-07,west-midlands-street,10849,4384.0,2341,2179,1494,1983,1418,927,464,176,489,592,290,164
86,2020-07,west-yorkshire-street,10728,5828.0,3332,2355,1508,1151,1188,952,789,180,721,209,174,163
87,2020-07,wiltshire-street,1639,1436.0,375,506,268,235,148,186,145,41,99,30,36,15
88,2020-08,avon-and-somerset-street,4774,4022.0,1921,1375,884,700,606,694,253,255,163,180,65,66
89,2020-08,bedfordshire-street,1688,1506.0,455,423,343,418,253,214,118,87,78,56,33,51
90,2020-08,btp-street,805,,661,310,377,56,12,71,261,316,40,53,68,201
91,2020-08,cambridgeshire-street,2464,1630.0,609,706,455,311,285,256,142,437,144,48,51,51
92,2020-08,cheshire-street,3321,2198.0,1228,617,392,156,220,407,114,146,111,34,20,11
93,2020-08,city-of-london-street,64,58.0,30,22,53,10,13,74,55,68,18,9,4,28
94,2020-08,cleveland-street,2372,2554.0,667,868,405,208,339,331,182,56,177,55,56,47
95,2020-08,cumbria-street,1510,712.0,421,437,188,71,150,149,97,18,49,10,26,13
96,2020-08,derbyshire-street,3319,2444.0,876,862,498,380,322,308,214,92,174,55,69,47
97,2020-08,devon-and-cornwall-street,4240,4265.0,816,1282,624,279,299,307,409,56,178,66,151,35
98,2020-08,dorset-street,2136,2544.0,362,634,417,350,237,205,110,127,46,31,31,28
99,2020-08,durham-street,2563,2044.0,589,769,295,168,252,368,120,24,153,14,24,53
100,2020-08,dyfed-powys-street,1595,1608.0,342,385,226,69,127,111,175,10,66,6,22,17
101,2020-08,essex-street,6815,4922.0,1785,1482,1015,965,548,680,515,204,338,132,150,114
102,2020-08,gloucestershire-street,1452,2245.0,275,427,233,228,180,234,112,53,53,32,27,10
103,2020-08,gwent-street,1713,1462.0,841,111,322,198,207,196,114,38,109,24,19,31
104,2020-08,hampshire-street,5871,4255.0,1775,1449,724,670,731,873,410,248,226,102,188,77
105,2020-08,hertfordshire-street,2731,2803.0,579,725,659,580,321,554,236,143,101,71,69,85
106,2020-08,humberside-street,3445,1748.0,1178,954,520,296,521,468,121,96,211,52,51,28
107,2020-08,kent-street,8103,4901.0,1425,1746,1027,796,553,896,309,121,523,123,98,92
108,2020-08,lancashire-street,6397,8000.0,1307,1901,1080,670,877,532,248,99,344,132,124,78
109,2020-08,leicestershire-street,3225,1399.0,1026,814,569,451,356,248,235,101,179,66,65,43
110,2020-08,lincolnshire-street,2161,1930.0,472,634,383,186,247,318,131,88,110,28,52,13
111,2020-08,merseyside-street,5257,3232.0,1528,1321,653,560,665,510,1075,192,246,97,128,115
112,2020-08,metropolitan-street,21317,35842.0,5490,4710,7647,8919,4995,3006,3534,3019,780,2530,451,2542
113,2020-08,norfolk-street,3116,1392.0,837,676,372,146,265,264,217,90,200,29,75,42
114,2020-08,north-wales-street,2579,1949.0,704,588,338,78,176,226,120,42,104,23,24,13
115,2020-08,north-yorkshire-street,1710,2540.0,334,532,290,135,201,267,137,61,54,25,30,23
116,2020-08,northamptonshire-street,2902,1872.0,567,560,436,334,266,205,136,82,145,70,55,17
117,2020-08,northern-ireland-street,3685,6867.0,103,1568,758,169,367,434,552,60,201,54,103,20
118,2020-08,northumbria-street,4582,5729.0,1909,1776,980,585,570,634,275,183,314,81,113,88
119,2020-08,nottinghamshire-street,3091,3999.0,672,917,590,402,483,743,307,116,255,83,85,81
120,2020-08,south-wales-street,3873,3301.0,1445,1106,688,469,446,561,423,141,172,48,61,78
121,2020-08,south-yorkshire-street,4799,3530.0,1432,1362,834,878,846,609,293,74,408,148,146,48
122,2020-08,staffordshire-street,2607,3043.0,373,744,472,279,249,381,56,70,81,45,42,10
123,2020-08,suffolk-street,2306,1313.0,628,529,319,185,172,183,132,59,91,24,42,27
124,2020-08,surrey-street,2525,2381.0,930,821,540,464,290,324,217,134,140,40,61,45
125,2020-08,sussex-street,4414,4614.0,1305,1301,888,511,465,607,342,218,269,75,153,94
126,2020-08,thames-valley-street,6381,3205.0,1242,1647,1195,1157,715,839,664,528,330,136,168,227
127,2020-08,warwickshire-street,1625,964.0,295,381,280,310,240,243,113,37,67,28,41,25
128,2020-08,west-mercia-street,3468,4454.0,506,763,519,304,404,436,224,86,118,37,68,29
129,2020-08,west-midlands-street,11000,4807.0,2281,2179,1401,2067,1608,949,435,209,421,632,300,162
130,2020-08,west-yorkshire-street,10521,5831.0,3306,2507,1630,1151,1331,1065,646,197,597,240,212,199
131,2020-08,wiltshire-street,1470,1730.0,339,444,263,164,138,227,120,49,73,23,20,18
132,2020-09,avon-and-somerset-street,4264,3166.0,1698,1265,848,734,572,669,230,319,196,155,73,88
133,2020-09,bedfordshire-street,1591,1283.0,476,428,354,406,278,227,139,82,92,55,31,43
134,2020-09,btp-street,728,,692,377,376,54,11,89,303,467,33,68,64,231
135,2020-09,cambridgeshire-street,2235,1417.0,580,580,469,321,325,226,174,471,135,35,56,53
136,2020-09,cheshire-street,3128,1836.0,1151,605,363,134,213,285,91,82,137,32,24,15
137,2020-09,city-of-london-street,68,62.0,33,28,72,16,19,58,65,57,18,6,4,39
138,2020-09,cleveland-street,2252,2560.0,576,824,391,247,317,353,175,55,159,43,53,34
139,2020-09,cumbria-street,1349,639.0,333,406,202,69,142,157,74,27,72,9,21,5
140,2020-09,derbyshire-street,3050,2297.0,848,865,439,365,377,346,198,106,195,51,78,49
141,2020-09,devon-and-cornwall-street,4136,3556.0,684,1091,601,280,297,346,358,55,185,53,135,46
142,2020-09,dorset-street,1958,2036.0,319,523,387,259,264,225,117,160,52,41,36,34
143,2020-09,durham-street,2354,1528.0,475,798,295,212,253,403,125,30,130,17,26,39
144,2020-09,dyfed-powys-street,1300,1228.0,283,320,231,66,110,93,144,15,69,5,31,6
145,2020-09,essex-street,6375,3864.0,1488,1271,936,1072,638,704,499,221,298,111,121,92
146,2020-09,gloucestershire-street,1361,1969.0,302,462,306,276,262,319,97,104,72,45,23,15
147,2020-09,gwent-street,1671,1862.0,738,88,270,185,159,177,98,28,101,23,11,14
148,2020-09,hampshire-street,5651,3360.0,1566,1254,749,550,680,805,441,268,242,109,176,79
149,2020-09,hertfordshire-street,2532,2317.0,548,657,594,708,284,648,235,113,132,60,61,78
150,2020-09,humberside-street,2918,1634.0,1131,887,487,304,463,494,132,103,217,59,39,35
151,2020-09,kent-street,7034,3743.0,1184,1560,897,601,557,736,357,87,460,130,87,95
152,2020-09,lancashire-street,7099,6753.0,1289,1960,1112,772,1048,542,321,108,367,128,128,78
153,2020-09,leicestershire-street,3141,1157.0,967,804,593,568,397,258,221,118,169,75,60,49
154,2020-09,lincolnshire-street,2024,1662.0,458,558,361,185,284,388,129,126,126,30,60,16
155,2020-09,merseyside-street,4891,3253.0,1406,1215,626,526,655,538,1103,122,212,102,133,103
156,2020-09,metropolitan-street,20348,30863.0,5167,4274,7516,9829,5195,3060,3541,3078,964,2599,503,2696
157,2020-09,norfolk-street,2663,966.0,705,623,351,175,195,265,205,90,234,31,55,29
158,2020-09,north-wales-street,2490,1571.0,668,648,317,111,193,202,111,38,98,13,20,10
159,2020-09,north-yorkshire-street,1548,2359.0,353,573,329,164,232,264,141,97,67,22,36,20
160,2020-09,northamptonshire-street,2741,1544.0,487,503,437,300,276,218,151,99,151,88,53,30
161,2020-09,northern-ireland-street,3362,6562.0,122,1486,781,209,318,508,592,76,255,31,81,14
162,2020-09,northumbria-street,4556,5706.0,1595,1739,897,593,496,793,220,181,326,44,93,86
163,2020-09,nottinghamshire-street,3127,3773.0,686,906,640,609,414,811,364,165,237,72,89,97
164,2020-09,south-wales-street,3581,3310.0,1324,1018,596,688,419,548,422,174,180,42,58,69
165,2020-09,south-yorkshire-street,4705,2896.0,1357,1436,838,933,839,654,360,81,380,128,148,61
166,2020-09,staffordshire-street,2979,2394.0,374,759,543,416,302,393,98,129,100,40,47,27
167,2020-09,suffolk-street,2065,947.0,532,420,312,210,191,222,104,49,96,34,39,42
168,2020-09,surrey-street,2367,1871.0,793,679,504,462,377,269,250,124,173,44,48,38
169,2020-09,sussex-street,3907,3784.0,1106,1214,815,560,453,678,379,250,222,101,158,75
170,2020-09,thames-valley-street,5791,2246.0,1173,1473,1202,1201,682,883,604,429,312,128,181,264
171,2020-09,warwickshire-street,1511,1208.0,279,344,306,251,177,214,113,51,79,24,41,24
172,2020-09,west-mercia-street,3359,3871.0,453,725,532,271,379,509,210,92,142,45,75,41
173,2020-09,west-midlands-street,10664,4373.0,2263,2015,1493,2471,1552,1052,434,260,488,595,332,183
174,2020-09,west-yorkshire-street,9774,4656.0,3042,2466,1512,1197,1272,961,693,203,587,237,201,214
175,2020-09,wiltshire-street,1447,1402.0,331,431,246,170,145,216,121,69,70,32,27,21
176,2020-10,avon-and-somerset-street,3989,2770.0,1475,1315,873,808,548,634,265,295,192,121,69,66
177,2020-10,bedfordshire-street,1602,1187.0,418,407,342,497,303,217,129,76,79,60,33,30
178,2020-10,btp-street,808,,725,405,422,58,22,88,357,342,38,78,75,297
179,2020-10,cambridgeshire-street,2116,1385.0,573,607,453,330,370,266,170,406,118,64,52,52
180,2020-10,cheshire-street,3232,2410.0,1121,524,361,202,242,337,143,72,110,24,30,15
181,2020-10,city-of-london-street,79,75.0,20,28,69,13,15,63,54,65,24,6,1,49
182,2020-10,cleveland-street,2210,3430.0,500,895,357,302,329,336,271,43,170,59,63,39
183,2020-10,cumbria-street,1361,860.0,345,463,187,52,127,177,91,30,64,19,27,9
184,2020-10,derbyshire-street,2881,2779.0,699,736,479,431,447,380,237,81,179,63,71,41
185,2020-10,devon-and-cornwall-street,3838,3384.0,584,1112,580,322,267,389,438,48,210,45,115,32
186,2020-10,dorset-street,1778,2022.0,257,571,376,366,258,280,98,177,43,30,25,36
187,2020-10,durham-street,2327,1842.0,461,764,277,224,241,355,130,44,144,15,30,35
188,2020-10,dyfed-powys-street,1294,1009.0,259,318,184,37,126,95,155,13,51,8,32,4
189,2020-10,essex-street,5942,4217.0,1366,1264,846,1064,597,763,531,127,288,129,100,101
190,2020-10,gloucestershire-street,1258,2080.0,234,396,278,247,202,218,125,54,74,30,23,12
191,2020-10,gwent-street,1495,1939.0,620,71,244,163,168,202,168,30,97,25,19,14
192,2020-10,hampshire-street,5021,2812.0,1443,1193,747,634,795,727,473,223,208,119,161,70
193,2020-10,hertfordshire-street,2453,2110.0,529,645,615,719,410,706,249,165,167,79,45,73
194,2020-10,humberside-street,2999,1505.0,1008,967,464,294,455,498,134,121,177,45,46,30
195,2020-10,kent-street,7448,3647.0,1246,1926,1120,979,715,981,389,78,537,106,149,62
196,2020-10,lancashire-street,5543,7956.0,838,1460,956,661,811,476,317,78,289,93,87,58
197,2020-10,leicestershire-street,2945,899.0,839,792,580,629,487,257,235,140,170,81,54,51
198,2020-10,lincolnshire-street,1920,1668.0,438,530,353,259,288,394,150,89,128,28,42,18
199,2020-10,merseyside-street,4476,5065.0,1168,1375,605,637,695,456,1025,142,298,115,114,81
200,2020-10,metropolitan-street,19538,31186.0,4577,4214,7248,10148,5618,3222,4124,2619,812,2440,500,3225
201,2020-10,norfolk-street,2823,954.0,589,605,379,165,213,268,199,96,224,29,53,25
202,2020-10,north-wales-street,2321,1502.0,494,521,250,81,156,226,137,36,64,17,29,4
203,2020-10,north-yorkshire-street,1599,2522.0,328,484,275,157,204,238,170,67,60,23,44,14
204,2020-10,northamptonshire-street,2718,1408.0,490,474,382,406,338,240,187,70,148,67,69,24
205,2020-10,northern-ireland-street,3273,7050.0,110,1620,768,240,399,522,705,82,223,38,90,11
206,2020-10,northumbria-street,4205,6976.0,1458,1675,904,568,521,705,292,165,333,58,103,65
207,2020-10,nottinghamshire-street,2748,4118.0,598,927,578,529,490,818,325,135,241,63,85,73
208,2020-10,south-wales-street,3382,4497.0,1090,925,639,624,406,532,495,155,171,43,70,53
209,2020-10,south-yorkshire-street,4368,2996.0,1427,1470,796,1093,963,645,406,105,438,129,140,55
210,2020-10,staffordshire-street,2874,2459.0,407,733,562,355,303,404,78,75,116,60,46,26
211,2020-10,suffolk-street,1973,844.0,424,432,313,248,219,247,139,79,109,34,40,19
212,2020-10,surrey-street,2271,2134.0,664,674,495,518,398,263,360,97,130,34,64,42
213,2020-10,sussex-street,3702,3525.0,1019,1090,800,627,454,650,396,197,244,76,124,106
214,2020-10,thames-valley-street,5654,2143.0,1217,1465,1258,1508,774,958,527,404,263,93,158,250
215,2020-10,warwickshire-street,1512,1074.0,242,324,276,320,181,250,118,31,79,37,37,25
216,2020-10,west-mercia-street,2985,3993.0,437,812,572,333,455,524,215,87,161,58,82,47
217,2020-10,west-midlands-street,11258,5054.0,2183,2122,1411,2484,1782,1160,513,308,508,652,301,174
218,2020-10,west-yorkshire-street,9876,5056.0,2755,2484,1453,1318,1276,1136,779,175,625,232,229,181
219,2020-10,wiltshire-street,1331,1264.0,279,468,232,214,172,204,120,52,80,30,29,22
220,2020-11,avon-and-somerset-street,3577,2411.0,1264,1255,787,895,576,545,298,258,191,122,56,49
221,2020-11,bedfordshire-street,1410,1114.0,418,415,287,502,312,193,145,69,91,35,31,43
222,2020-11,btp-street,692,,562,443,275,46,22,81,343,217,35,103,88,225
223,2020-11,cambridgeshire-street,2116,1200.0,435,585,396,389,357,220,201,249,128,56,52,44
224,2020-11,cheshire-street,3207,2401.0,985,570,377,191,273,335,135,79,115,32,36,12
225,2020-11,city-of-london-street,50,84.0,29,10,36,11,5,66,71,46,23,14,2,49
226,2020-11,cleveland-street,2098,2710.0,478,874,346,254,402,348,207,46,151,51,52,21
227,2020-11,cumbria-street,1201,776.0,268,327,162,58,111,123,88,14,63,12,19,5
228,2020-11,derbyshire-street,2991,3040.0,641,715,451,388,422,347,231,74,164,54,86,37
229,2020-11,devon-and-cornwall-street,3444,3074.0,505,995,500,245,259,329,445,24,190,26,127,29
230,2020-11,dorset-street,1572,2018.0,217,530,303,303,242,196,100,63,30,30,15,15
231,2020-11,durham-street,1991,1429.0,394,697,288,233,291,289,106,50,135,15,30,24
232,2020-11,dyfed-powys-street,1285,909.0,237,289,165,80,101,116,171,6,67,5,24,1
233,2020-11,essex-street,5797,5553.0,1234,1219,736,930,525,672,581,151,265,102,101,68
234,2020-11,gloucestershire-street,1208,2148.0,219,351,205,228,186,248,152,36,56,12,19,12
235,2020-11,gwent-street,1559,1541.0,568,89,277,248,191,171,141,25,110,23,27,15
236,2020-11,hampshire-street,4829,2369.0,1258,1223,666,592,713,637,516,180,211,110,150,65
237,2020-11,hertfordshire-street,2299,2030.0,478,664,611,765,349,566,263,93,156,53,53,70
238,2020-11,humberside-street,2714,1222.0,877,790,398,252,516,450,147,105,205,46,46,11
239,2020-11,kent-street,6383,3699.0,990,1718,891,765,621,811,391,87,466,120,95,75
240,2020-11,lancashire-street,3621,6674.0,574,1091,784,628,630,421,307,64,214,53,84,39
241,2020-11,leicestershire-street,2830,930.0,798,846,483,572,443,265,329,112,182,56,42,30
242,2020-11,lincolnshire-street,1731,1607.0,314,495,281,183,273,324,142,78,91,21,54,16
243,2020-11,merseyside-street,4264,3982.0,1150,1273,623,559,609,518,996,126,269,93,84,75
244,2020-11,metropolitan-street,18981,33863.0,4239,4205,5734,9172,5209,2770,4410,1985,981,2286,511,2568
245,2020-11,norfolk-street,2684,815.0,593,506,312,146,161,203,252,66,257,25,47,24
246,2020-11,north-wales-street,2094,1445.0,460,531,278,84,180,258,109,30,90,10,22,9
247,2020-11,north-yorkshire-street,1424,2621.0,269,439,219,149,225,250,159,65,101,16,44,2
248,2020-11,northamptonshire-street,2714,1509.0,564,530,332,540,297,193,150,43,158,68,50,18
249,2020-11,northern-ireland-street,3442,4794.0,118,1472,659,224,404,471,703,48,218,46,81,21
250,2020-11,northumbria-street,4210,6017.0,1321,1698,865,587,597,687,354,182,349,41,97,56
251,2020-11,nottinghamshire-street,2654,3381.0,540,859,534,448,487,656,379,116,212,68,94,52
252,2020-11,south-wales-street,3380,4113.0,1019,957,643,584,438,515,460,125,194,55,50,39
253,2020-11,south-yorkshire-street,4044,2507.0,1206,1431,775,1056,1023,567,506,64,420,103,202,42
254,2020-11,staffordshire-street,2570,1919.0,341,665,469,390,292,369,103,47,86,52,40,19
255,2020-11,suffolk-street,1937,681.0,408,474,257,221,181,252,167,41,84,18,20,20
256,2020-11,surrey-street,2073,2351.0,610,675,450,526,333,259,314,96,132,33,39,20
257,2020-11,sussex-street,3299,4214.0,969,1083,645,611,390,556,400,154,219,61,116,53
258,2020-11,thames-valley-street,5613,1976.0,1349,1488,1163,1469,703,669,681,322,342,109,139,221
259,2020-11,warwickshire-street,1307,967.0,246,266,265,321,173,202,102,26,73,37,32,16
260,2020-11,west-mercia-street,2741,3156.0,400,665,453,334,411,426,241,59,146,36,74,34
261,2020-11,west-midlands-street,11734,5290.0,2163,2160,1420,2563,1791,965,573,242,551,630,343,183
262,2020-11,west-yorkshire-street,9128,4318.0,2427,2521,1425,1196,1405,915,814,142,603,226,211,114
263,2020-11,wiltshire-street,1209,1087.0,214,370,207,159,152,218,107,28,57,17,26,3
264,2020-12,avon-and-somerset-street,3713,2231.0,1309,1143,699,797,558,549,215,160,182,109,52,67
265,2020-12,bedfordshire-street,1473,998.0,402,353,289,413,246,157,119,68,113,37,29,30
266,2020-12,btp-street,664,,541,424,273,35,15,55,338,146,16,65,71,258
267,2020-12,cambridgeshire-street,2047,1009.0,434,521,388,397,279,179,157,147,124,47,48,46
268,2020-12,cheshire-street,3235,2136.0,1041,602,460,173,295,318,119,46,114,39,22,13
269,2020-12,city-of-london-street,56,72.0,17,19,40,12,11,47,58,14,16,10,5,27
270,2020-12,cleveland-street,2334,1918.0,532,666,371,218,339,378,224,32,136,34,40,17
271,2020-12,cumbria-street,1112,754.0,263,349,161,77,122,136,78,3,36,5,21,10
272,2020-12,derbyshire-street,2902,2623.0,599,745,416,323,406,317,204,60,131,39,59,44
273,2020-12,devon-and-cornwall-street,3623,2888.0,524,918,500,207,239,282,438,33,180,35,83,21
274,2020-12,dorset-street,1597,1989.0,230,576,384,279,245,167,89,62,32,34,24,11
275,2020-12,durham-street,1925,1191.0,371,672,278,177,219,283,109,23,127,9,26,33
276,2020-12,dyfed-powys-street,1190,631.0,223,255,156,54,114,95,127,6,50,2,12,5
277,2020-12,essex-street,5423,4721.0,1101,999,797,816,547,560,459,83,223,76,77,86
278,2020-12,gloucestershire-street,1243,2103.0,203,349,254,184,187,178,149,38,84,28,17,9
279,2020-12,gwent-street,1396,1390.0,483,65,232,212,161,183,140,16,81,15,20,7
280,2020-12,hampshire-street,4491,2068.0,1129,1167,685,611,663,542,431,156,178,78,122,91
281,2020-12,hertfordshire-street,2243,1617.0,413,591,584,565,344,457,225,72,127,59,34,70
282,2020-12,humberside-street,2581,1058.0,757,684,407,264,425,480,153,73,175,36,45,22
283,2020-12,kent-street,6034,3508.0,845,1366,868,617,543,612,356,68,411,102,66,65
284,2020-12,lancashire-street,5405,5921.0,716,1385,838,543,755,453,295,70,295,63,105,63
285,2020-12,leicestershire-street,2748,742.0,747,717,464,445,322,223,263,81,183,42,58,47
286,2020-12,lincolnshire-street,1638,1439.0,313,465,282,160,257,291,135,47,112,27,33,7
287,2020-12,merseyside-street,4600,3008.0,1144,1041,567,466,677,435,971,86,234,90,91,101
288,2020-12,metropolitan-street,17836,29377.0,3888,4087,6331,7758,4765,2690,3624,1313,779,2021,392,3075
289,2020-12,norfolk-street,2623,738.0,534,606,307,141,147,248,159,51,186,24,32,14
290,2020-12,north-wales-street,1992,1172.0,388,457,295,78,150,178,126,15,93,11,17,8
291,2020-12,north-yorkshire-street,1519,2438.0,295,466,250,106,205,262,157,54,79,9,25,12
292,2020-12,northamptonshire-street,2616,1278.0,426,510,349,456,320,167,157,39,135,68,60,37
293,2020-12,northern-ireland-street,3375,4586.0,98,1252,716,206,357,376,781,31,207,54,85,25
294,2020-12,northumbria-street,4164,4397.0,1280,1453,802,523,515,674,293,81,296,42,77,61
295,2020-12,nottinghamshire-street,2465,2758.0,476,732,524,403,393,658,388,79,195,59,72,80
296,2020-12,south-wales-street,2983,3740.0,783,844,506,595,376,459,416,80,159,47,49,47
297,2020-12,south-yorkshire-street,4163,2326.0,1025,1254,734,957,886,429,462,65,399,129,178,63
298,2020-12,staffordshire-street,2103,1722.0,253,580,371,298,220,298,88,35,75,44,31,11
299,2020-12,suffolk-street,1934,665.0,370,437,269,262,191,205,158,33,107,20,32,18
300,2020-12,surrey-street,1881,2395.0,557,603,447,379,283,224,280,58,115,34,47,25
301,2020-12,sussex-street,3287,4156.0,826,1069,666,439,358,495,386,145,201,55,85,76
302,2020-12,thames-valley-street,5698,1568.0,1289,1318,1118,1020,599,655,653,232,290,104,126,240
303,2020-12,warwickshire-street,1261,858.0,204,268,229,267,188,199,112,29,58,19,33,12
304,2020-12,west-mercia-street,2660,3966.0,375,555,472,248,399,379,229,50,129,39,57,34
305,2020-12,west-midlands-street,12650,3982.0,2385,2132,1392,2257,1708,982,543,147,578,615,362,217
306,2020-12,west-yorkshire-street,9035,3417.0,2253,2052,1287,948,1185,934,791,105,570,218,178,153
307,2020-12,wiltshire-street,1313,1142.0,221,404,188,180,164,178,109,24,38,19,15,17
308,2021-01,avon-and-somerset-street,3450,1904.0,1126,997,618,708,473,429,256,119,166,68,71,41
309,2021-01,bedfordshire-street,1372,1030.0,323,311,257,459,212,159,126,38,84,35,29,24
310,2021-01,btp-street,417,,431,336,183,22,6,43,328,66,24,81,72,135
311,2021-01,cambridgeshire-street,1972,935.0,379,435,334,278,240,171,205,87,105,34,49,28
312,2021-01,cheshire-street,2988,2552.0,844,519,317,153,268,251,133,28,134,27,21,16
313,2021-01,city-of-london-street,43,61.0,13,5,17,6,6,34,33,5,10,1,3,10
314,2021-01,cleveland-street,1995,1928.0,418,623,321,231,287,409,179,26,155,47,35,22
315,2021-01,cumbria-street,951,1005.0,220,291,146,53,78,103,102,7,42,17,7,2
316,2021-01,derbyshire-street,2726,3761.0,584,642,395,324,325,269,221,38,191,37,54,32
317,2021-01,devon-and-cornwall-street,3099,2801.0,423,805,414,206,254,289,399,38,180,23,76,17
318,2021-01,dorset-street,1416,2085.0,223,411,281,271,233,188,105,62,27,31,15,15
319,2021-01,durham-street,1888,1274.0,293,565,297,132,208,239,132,10,134,11,17,8
320,2021-01,dyfed-powys-street,1236,782.0,185,255,140,38,103,79,186,9,44,3,28,3
321,2021-01,essex-street,5309,5509.0,969,912,691,717,498,461,504,68,234,80,88,25
322,2021-01,gloucestershire-street,1234,2808.0,208,297,230,159,180,187,136,19,79,28,21,7
323,2021-01,gwent-street,1593,2273.0,477,56,244,183,170,154,199,15,106,21,27,9
324,2021-01,hampshire-street,4435,2117.0,1015,1012,614,619,687,568,498,98,168,71,84,47
325,2021-01,hertfordshire-street,2049,1583.0,380,514,507,632,266,456,221,65,116,40,45,40
326,2021-01,humberside-street,2648,899.0,665,656,343,211,377,348,145,49,205,30,27,22
327,2021-01,kent-street,6106,4198.0,916,1393,845,692,524,618,393,59,433,72,87,37
328,2021-01,lancashire-street,4663,7665.0,639,1078,736,539,706,490,285,35,289,68,66,41
329,2021-01,leicestershire-street,2703,681.0,680,671,465,466,281,185,235,84,202,43,54,42
330,2021-01,lincolnshire-street,1514,1980.0,267,356,244,138,196,295,130,23,81,15,30,8
331,2021-01,merseyside-street,4159,3315.0,979,931,479,532,675,422,1036,89,214,82,84,56
332,2021-01,metropolitan-street,16307,33642.0,3448,3634,4827,7675,4299,2092,3708,1058,744,1445,350,1619
333,2021-01,norfolk-street,2336,700.0,467,486,281,127,152,176,176,56,126,20,27,15
334,2021-01,north-wales-street,1930,1023.0,392,409,235,81,128,181,120,21,94,13,14,6
335,2021-01,north-yorkshire-street,1427,3018.0,242,348,214,110,144,178,163,27,55,13,29,10
336,2021-01,northamptonshire-street,2333,1595.0,372,440,309,335,294,184,126,39,138,58,51,21
337,2021-01,northern-ireland-street,3077,5067.0,106,1160,642,185,283,289,650,29,210,25,71,9
338,2021-01,northumbria-street,3892,5753.0,1048,1261,682,504,435,634,284,64,271,55,82,29
339,2021-01,nottinghamshire-street,2438,3401.0,456,683,475,380,350,637,370,57,218,53,85,50
340,2021-01,south-wales-street,2889,5791.0,822,820,502,467,358,415,474,76,156,51,76,38
341,2021-01,south-yorkshire-street,3994,2297.0,936,1251,641,842,957,409,380,55,375,109,107,45
342,2021-01,staffordshire-street,2638,1623.0,279,646,404,317,256,295,110,34,103,41,33,13
343,2021-01,suffolk-street,1620,589.0,291,375,225,202,157,146,124,29,79,20,26,17
344,2021-01,surrey-street,1846,2401.0,525,532,377,431,262,196,236,51,131,36,34,17
345,2021-01,sussex-street,3245,5265.0,685,862,537,504,320,461,393,91,203,42,92,37
346,2021-01,thames-valley-street,5318,1604.0,1180,1108,1062,893,536,558,604,195,284,72,113,129
347,2021-01,warwickshire-street,1112,1067.0,194,239,217,265,145,169,108,9,62,17,17,5
348,2021-01,west-mercia-street,2550,4065.0,301,477,422,308,371,366,198,26,124,33,54,18
349,2021-01,west-midlands-street,12365,4785.0,2132,1891,1348,2121,1611,811,518,79,507,531,282,136
350,2021-01,west-yorkshire-street,8998,3462.0,2150,1891,1250,977,1108,878,784,70,593,167,168,103
351,2021-01,wiltshire-street,1156,1139.0,212,318,181,135,120,164,92,19,47,26,26,8
352,2021-02,avon-and-somerset-street,3293,1905.0,1137,956,551,560,421,421,275,114,179,77,63,32
353,2021-02,bedfordshire-street,1351,1083.0,365,354,222,372,216,206,162,46,62,27,33,20
354,2021-02,btp-street,399,,357,327,180,31,8,43,369,80,39,55,87,149
355,2021-02,cambridgeshire-street,1751,970.0,411,386,339,348,229,210,159,115,138,42,37,30
356,2021-02,cheshire-street,2795,2507.0,860,517,319,166,270,293,122,40,91,25,17,12
357,2021-02,city-of-london-street,28,67.0,12,12,9,7,4,26,33,6,14,7,5,20
358,2021-02,cleveland-street,1936,1717.0,475,613,334,164,293,322,185,20,118,28,38,12
359,2021-02,cumbria-street,1002,809.0,230,273,156,73,105,96,105,8,45,8,9,3
360,2021-02,derbyshire-street,2634,3465.0,573,592,384,374,296,281,239,37,154,53,61,38
361,2021-02,devon-and-cornwall-street,2972,2585.0,405,775,414,178,215,348,376,23,184,34,61,16
362,2021-02,dorset-street,1308,1661.0,232,440,257,286,230,183,103,55,33,19,22,12
363,2021-02,durham-street,1917,1454.0,336,598,268,160,148,211,98,11,122,10,17,15
364,2021-02,dyfed-powys-street,1061,396.0,231,212,136,40,86,70,169,9,56,4,17,5
365,2021-02,essex-street,5136,5181.0,1040,978,648,807,453,471,547,70,258,89,76,42
366,2021-02,gloucestershire-street,1245,2303.0,183,327,215,149,191,158,119,28,96,27,16,11
367,2021-02,gwent-street,1371,2100.0,443,67,244,161,183,149,138,10,104,21,22,10
368,2021-02,hampshire-street,4248,2091.0,1073,991,638,944,626,624,487,126,196,91,97,40
369,2021-02,hertfordshire-street,1951,1624.0,402,509,482,529,258,474,266,80,176,35,51,48
370,2021-02,humberside-street,2407,1200.0,628,662,344,178,318,357,122,57,199,28,24,17
371,2021-02,kent-street,6053,4570.0,892,1377,799,548,510,645,341,55,430,86,85,39
372,2021-02,lancashire-street,4370,7307.0,596,1115,719,466,592,466,253,37,286,52,71,38
373,2021-02,leicestershire-street,2595,676.0,674,625,489,340,271,221,253,64,165,72,34,30
374,2021-02,lincolnshire-street,1531,2011.0,309,346,263,165,195,269,126,57,90,24,34,2
375,2021-02,merseyside-street,4015,3434.0,1053,903,502,461,620,468,1027,101,270,69,81,55
376,2021-02,metropolitan-street,16215,29154.0,3379,3551,4616,7626,4062,2243,4063,1107,740,1324,378,1516
377,2021-02,norfolk-street,2249,746.0,514,407,270,142,144,160,170,50,144,16,32,19
378,2021-02,north-wales-street,1854,1006.0,426,381,246,88,116,176,132,9,89,14,18,3
379,2021-02,north-yorkshire-street,1152,2784.0,230,304,177,96,127,187,152,52,61,13,26,4
380,2021-02,northamptonshire-street,2079,1413.0,417,410,340,362,233,176,132,45,126,56,45,9
381,2021-02,northern-ireland-street,3132,5067.0,88,1380,614,184,273,251,651,24,200,36,74,8
382,2021-02,northumbria-street,3625,5585.0,1075,1225,696,423,411,593,311,67,298,52,78,37
383,2021-02,nottinghamshire-street,2354,3265.0,476,737,470,442,360,719,366,72,192,53,76,44
384,2021-02,south-wales-street,2775,5428.0,858,706,460,427,338,382,520,69,155,26,45,46
385,2021-02,south-yorkshire-street,3708,2498.0,995,1136,658,907,787,431,335,45,333,101,93,22
386,2021-02,staffordshire-street,2365,1701.0,246,528,379,297,219,319,119,30,94,47,39,22
387,2021-02,suffolk-street,1504,671.0,344,347,226,173,131,153,118,25,83,17,18,5
388,2021-02,surrey-street,1818,2128.0,473,513,392,469,234,223,274,72,108,20,43,11
389,2021-02,sussex-street,3001,4715.0,734,804,545,488,325,460,442,80,213,63,95,27
390,2021-02,thames-valley-street,5077,1712.0,1113,1122,987,865,494,628,646,214,248,73,108,128
391,2021-02,warwickshire-street,1131,908.0,179,223,192,181,130,164,104,13,77,17,40,12
392,2021-02,west-mercia-street,2297,4041.0,332,550,397,281,349,381,205,21,122,30,44,17
393,2021-02,west-midlands-street,11736,3608.0,2346,1904,1300,2240,1398,859,547,100,559,521,300,157
394,2021-02,west-yorkshire-street,8574,3531.0,2331,1863,1174,1072,1041,876,697,93,561,155,143,108
395,2021-02,wiltshire-street,1112,1125.0,205,324,183,111,125,162,99,22,63,20,30,11
396,2021-03,avon-and-somerset-street,4274,2709.0,1499,1149,654,724,572,511,292,182,228,109,74,69
397,2021-03,bedfordshire-street,1605,1300.0,453,414,264,318,171,278,148,60,84,40,33,17
398,2021-03,btp-street,650,,568,440,240,47,6,57,351,192,30,56,57,170
399,2021-03,cambridgeshire-street,2075,1306.0,532,475,380,368,294,217,176,192,146,44,44,24
400,2021-03,cheshire-street,3422,2706.0,1140,672,385,160,300,329,111,34,124,43,24,14
401,2021-03,city-of-london-street,53,62.0,35,12,18,11,5,34,67,9,18,4,5,22
402,2021-03,cleveland-street,2242,2157.0,614,729,334,260,298,364,206,30,210,47,35,17
403,2021-03,cumbria-street,1177,917.0,294,349,170,41,112,113,109,19,86,9,20,7
404,2021-03,derbyshire-street,3389,3702.0,806,705,490,391,363,341,241,57,198,57,60,38
405,2021-03,devon-and-cornwall-street,3880,3222.0,647,1027,429,246,251,328,415,39,222,37,94,28
406,2021-03,dorset-street,1716,2203.0,307,486,336,299,235,179,94,79,35,19,14,18
407,2021-03,durham-street,2367,1797.0,440,688,292,182,193,271,123,30,153,17,19,19
408,2021-03,dyfed-powys-street,1485,789.0,345,340,175,46,102,61,177,12,52,2,14,4
409,2021-03,essex-street,6153,5236.0,1348,1166,784,1002,516,536,631,106,332,113,102,40
410,2021-03,gloucestershire-street,1525,2527.0,311,388,268,169,151,188,163,45,93,27,23,14
411,2021-03,gwent-street,1574,2260.0,586,88,269,179,163,191,123,17,118,16,19,5
412,2021-03,hampshire-street,5745,2701.0,1591,1310,751,885,641,703,549,149,244,71,163,74
413,2021-03,hertfordshire-street,2428,2158.0,460,563,557,629,269,584,268,72,152,41,51,68
414,2021-03,humberside-street,2939,1372.0,935,872,444,226,380,462,126,88,183,36,49,19
415,2021-03,kent-street,6920,4507.0,1052,1568,889,538,502,612,402,70,601,94,85,47
416,2021-03,lancashire-street,5186,8702.0,901,1354,872,549,681,538,310,60,303,84,121,64
417,2021-03,leicestershire-street,3279,888.0,894,749,552,458,294,242,266,110,211,50,83,37
418,2021-03,lincolnshire-street,1823,2045.0,386,469,323,149,218,323,173,61,115,20,48,9
419,2021-03,merseyside-street,5119,3693.0,1584,1140,520,538,607,465,1281,109,336,74,99,92
420,2021-03,metropolitan-street,20101,30615.0,4934,4222,5271,8345,4715,2477,4225,1620,915,1666,404,2156
421,2021-03,norfolk-street,2670,796.0,626,518,332,149,173,244,187,58,169,28,42,23
422,2021-03,north-wales-street,2235,1509.0,614,520,304,81,137,264,144,20,98,17,20,9
423,2021-03,north-yorkshire-street,1490,3265.0,308,433,232,113,131,203,181,87,111,16,35,9
424,2021-03,northamptonshire-street,2718,1690.0,498,521,373,301,205,254,171,61,157,54,52,17
425,2021-03,northern-ireland-street,3668,6717.0,110,1555,706,208,302,377,720,52,267,43,77,20
426,2021-03,northumbria-street,4682,6860.0,1475,1664,839,460,468,650,355,95,390,51,96,66
427,2021-03,nottinghamshire-street,2877,4097.0,639,955,530,550,408,785,372,92,251,63,100,47
428,2021-03,south-wales-street,3322,5681.0,1212,1048,569,497,406,529,425,95,184,43,59,42
429,2021-03,south-yorkshire-street,4791,2923.0,1336,1446,781,869,835,518,377,92,428,121,132,37
430,2021-03,staffordshire-street,2908,2160.0,400,709,529,335,242,419,189,77,111,54,56,20
431,2021-03,suffolk-street,1926,721.0,396,375,267,228,191,204,99,41,90,17,29,21
432,2021-03,surrey-street,2210,2386.0,786,663,496,498,309,260,284,61,158,38,52,17
433,2021-03,sussex-street,3870,5023.0,1053,1028,691,594,324,557,404,152,232,71,103,44
434,2021-03,thames-valley-street,6246,2345.0,1719,1439,1290,1101,659,747,687,309,350,79,136,146
435,2021-03,warwickshire-street,1329,1020.0,261,275,264,264,138,177,149,43,118,22,38,7
436,2021-03,west-mercia-street,3150,4739.0,543,696,502,304,371,428,245,60,127,38,57,24
437,2021-03,west-midlands-street,13838,3801.0,3238,2222,1573,2355,1405,1035,669,152,732,526,433,136
438,2021-03,west-yorkshire-street,10277,4336.0,3097,2404,1434,1175,955,970,749,133,622,162,197,146
439,2021-03,wiltshire-street,1370,1501.0,270,376,234,145,109,215,91,42,71,21,24,17
440,2021-04,avon-and-somerset-street,4248,2948.0,1605,1123,651,718,448,495,233,171,188,126,72,69
441,2021-04,bedfordshire-street,1577,1223.0,410,413,277,297,215,230,132,66,82,46,35,30
442,2021-04,btp-street,729,,600,494,262,52,18,59,326,249,30,85,58,175
443,2021-04,cambridgeshire-street,2099,1272.0,577,642,429,258,219,234,180,254,160,46,64,48
444,2021-04,cheshire-street,3488,2599.0,1298,684,389,161,216,320,80,77,131,23,18,19
445,2021-04,city-of-london-street,48,65.0,23,11,26,6,12,35,64,22,9,8,2,27
446,2021-04,cleveland-street,2353,2234.0,653,773,368,209,260,369,167,39,187,52,55,22
447,2021-04,cumbria-street,1356,1014.0,371,407,208,47,116,113,87,12,54,7,27,4
448,2021-04,derbyshire-street,3360,3345.0,972,791,444,319,283,357,246,53,186,66,63,43
449,2021-04,devon-and-cornwall-street,3867,3505.0,664,1138,521,225,217,289,415,36,185,34,96,39
450,2021-04,dorset-street,1766,2150.0,307,521,346,288,241,235,94,126,45,18,16,22
451,2021-04,durham-street,2372,1932.0,471,791,274,131,162,287,120,39,145,20,28,12
452,2021-04,dyfed-powys-street,1535,751.0,344,322,158,37,105,96,169,15,70,5,16,6
453,2021-04,essex-street,6078,4368.0,1417,1283,814,936,449,619,518,109,312,99,94,70
454,2021-04,gloucestershire-street,1581,2277.0,337,446,277,137,174,198,98,39,91,21,23,13
455,2021-04,gwent-street,1629,1878.0,654,95,279,184,138,173,153,39,122,29,23,11
456,2021-04,hampshire-street,5783,3326.0,1757,1342,785,654,643,702,420,205,205,98,149,54
457,2021-04,hertfordshire-street,2296,2382.0,509,650,590,556,257,564,223,82,145,37,67,64
458,2021-04,humberside-street,2981,1489.0,924,870,491,188,310,396,115,84,218,52,45,26
459,2021-04,kent-street,7398,3872.0,1175,1782,890,621,483,773,359,81,511,95,100,43
460,2021-04,lancashire-street,5381,8344.0,1037,1499,853,521,599,548,277,90,327,75,106,59
461,2021-04,leicestershire-street,3166,957.0,1067,849,516,373,265,254,253,148,228,37,67,37
462,2021-04,lincolnshire-street,1780,1797.0,435,605,348,145,248,325,152,57,99,24,39,18
463,2021-04,merseyside-street,5091,3120.0,1787,1243,578,505,528,504,1011,117,244,82,107,77
464,2021-04,metropolitan-street,19518,27127.0,4977,4308,6123,7126,4203,2687,3791,1843,879,1710,338,2569
465,2021-04,norfolk-street,2759,892.0,689,625,338,115,162,207,222,70,184,29,52,23
466,2021-04,north-wales-street,2301,1675.0,573,568,305,107,150,276,123,16,105,14,12,4
467,2021-04,north-yorkshire-street,1670,2478.0,352,458,247,106,173,270,181,102,94,14,36,7
468,2021-04,northamptonshire-street,2491,1375.0,534,448,355,188,185,296,170,46,111,67,58,25
469,2021-04,northern-ireland-street,4002,6156.0,119,1565,709,175,311,369,746,33,224,34,80,15
470,2021-04,northumbria-street,4561,5986.0,1626,1668,829,523,477,611,284,147,322,46,115,46
471,2021-04,nottinghamshire-street,2968,3584.0,701,1009,568,401,356,705,404,96,230,59,102,64
472,2021-04,south-wales-street,3443,3932.0,1286,968,555,419,442,429,417,111,195,43,55,45
473,2021-04,south-yorkshire-street,4572,2873.0,1398,1471,804,711,705,561,372,114,418,112,131,54
474,2021-04,staffordshire-street,2823,2425.0,372,708,515,302,232,388,89,66,118,46,51,16
475,2021-04,suffolk-street,1953,780.0,446,437,283,179,151,242,128,43,105,21,38,19
476,2021-04,surrey-street,2275,2295.0,729,714,481,437,258,285,248,71,126,31,48,24
477,2021-04,sussex-street,3774,4544.0,1088,1088,705,522,342,630,317,164,202,48,119,47
478,2021-04,thames-valley-street,6151,2454.0,1877,1521,1120,908,519,795,624,393,313,83,144,217
479,2021-04,warwickshire-street,1401,1324.0,289,316,258,210,134,134,86,45,65,26,32,12
480,2021-04,west-mercia-street,3331,4281.0,623,740,509,297,304,465,236,39,142,43,77,27
481,2021-04,west-midlands-street,12352,3522.0,2927,2378,1635,2241,1343,1025,598,208,517,605,378,240
482,2021-04,west-yorkshire-street,10586,4000.0,3406,2451,1413,976,835,962,652,170,593,165,201,154
483,2021-04,wiltshire-street,1343,1416.0,291,442,214,213,106,213,92,61,60,32,24,7
484,2021-05,avon-and-somerset-street,4692,2858.0,1762,1157,783,827,528,585,208,167,204,128,66,81
485,2021-05,bedfordshire-street,1709,1351.0,492,385,310,364,187,224,129,56,89,42,33,28
486,2021-05,btp-street,863,,697,441,322,57,7,67,327,268,32,58,63,262
487,2021-05,cambridgeshire-street,2418,1488.0,639,573,375,324,270,274,199,275,156,59,62,46
488,2021-05,cheshire-street,3416,1784.0,1166,558,379,206,225,338,129,50,113,29,17,16
489,2021-05,city-of-london-street,52,81.0,32,12,36,7,10,48,58,21,12,5,2,52
490,2021-05,cleveland-street,2666,1878.0,735,824,380,248,320,422,216,51,158,55,55,30
491,2021-05,cumbria-street,1499,723.0,415,441,178,36,109,142,95,22,55,11,27,6
492,2021-05,derbyshire-street,3820,2825.0,997,812,514,324,303,400,249,47,188,60,80,50
493,2021-05,devon-and-cornwall-street,4133,3230.0,678,1185,523,271,261,316,342,33,188,41,117,35
494,2021-05,dorset-street,1947,1915.0,346,580,382,371,239,250,97,119,41,24,24,33
495,2021-05,durham-street,2437,1774.0,538,753,291,172,210,268,146,33,161,20,23,23
496,2021-05,dyfed-powys-street,2033,636.0,553,345,189,56,119,109,184,17,85,6,20,12
497,2021-05,essex-street,7009,3753.0,1549,1318,990,998,556,722,530,167,348,87,108,72
498,2021-05,gloucestershire-street,1867,1963.0,397,397,250,132,187,228,111,23,70,25,27,17
499,2021-05,gwent-street,1709,1362.0,685,78,283,206,154,188,159,21,125,24,23,14
500,2021-05,hampshire-street,6528,2947.0,1868,1355,811,763,665,781,499,189,222,84,154,71
501,2021-05,hertfordshire-street,2599,2516.0,491,669,661,592,259,509,249,77,153,50,59,77
502,2021-05,humberside-street,3253,1349.0,1005,934,462,208,348,467,162,104,245,40,38,30
503,2021-05,kent-street,8016,3408.0,1142,1702,949,658,527,771,329,96,471,96,110,63
504,2021-05,lancashire-street,6164,6609.0,1176,1551,914,507,595,657,253,71,342,75,130,96
505,2021-05,leicestershire-street,3376,884.0,1030,829,530,367,297,224,356,157,190,60,59,43
506,2021-05,lincolnshire-street,2046,1593.0,431,561,326,147,220,331,159,78,131,30,53,13
507,2021-05,merseyside-street,6002,2381.0,1860,1259,676,505,529,572,982,131,298,99,100,122
508,2021-05,metropolitan-street,22185,26136.0,5506,4734,6814,7848,4235,3004,3450,2056,953,1768,381,3155
509,2021-05,norfolk-street,3168,922.0,844,645,352,103,176,240,196,89,230,26,56,23
510,2021-05,north-wales-street,2530,1533.0,652,608,319,92,154,263,124,30,118,14,21,12
511,2021-05,north-yorkshire-street,1885,2027.0,397,499,284,84,154,280,162,108,105,18,34,22
512,2021-05,northamptonshire-street,2704,1322.0,512,540,379,230,209,287,183,49,113,56,68,33
513,2021-05,northern-ireland-street,4498,5812.0,113,1435,714,193,268,437,770,42,258,32,99,18
514,2021-05,northumbria-street,5150,4758.0,1659,1649,843,445,491,777,305,117,357,76,128,73
515,2021-05,nottinghamshire-street,3285,3517.0,751,948,633,412,357,747,400,125,226,73,113,62
516,2021-05,south-wales-street,3952,3151.0,1364,906,622,447,380,520,458,110,177,44,61,35
517,2021-05,south-yorkshire-street,5038,2524.0,1356,1328,775,840,795,616,425,71,385,102,165,55
518,2021-05,staffordshire-street,3015,2250.0,356,593,441,257,211,358,101,42,94,49,50,32
519,2021-05,suffolk-street,2225,824.0,485,466,300,161,121,203,191,49,108,23,47,22
520,2021-05,surrey-street,2568,2024.0,861,703,461,417,290,251,253,73,150,39,44,27
521,2021-05,sussex-street,4141,3784.0,1139,1085,755,497,317,675,407,178,224,52,118,59
522,2021-05,thames-valley-street,7033,2246.0,2075,1413,1163,1022,560,753,654,462,310,89,113,213
523,2021-05,warwickshire-street,1558,1007.0,328,362,272,237,147,178,135,27,67,20,38,12
524,2021-05,west-mercia-street,3461,3639.0,621,728,546,309,335,483,208,73,144,35,69,36
525,2021-05,west-midlands-street,14366,2958.0,2974,2493,1610,2409,1339,1041,633,216,576,598,433,277
526,2021-05,west-yorkshire-street,11431,3564.0,3457,2171,1576,1124,895,1061,753,158,598,180,236,173
527,2021-05,wiltshire-street,1604,1367.0,318,469,238,189,120,229,109,51,75,18,33,19
528,2021-06,avon-and-somerset-street,4838,3006.0,1952,1280,820,690,509,571,199,276,196,138,72,78
529,2021-06,bedfordshire-street,1768,1554.0,574,416,337,306,178,277,136,71,91,44,26,34
530,2021-06,btp-street,922,,737,406,377,57,6,59,222,333,21,52,40,290
531,2021-06,cambridgeshire-street,2524,1461.0,748,540,459,292,250,257,167,346,172,58,58,46
532,2021-06,cheshire-street,3652,1837.0,1343,597,420,211,196,277,96,61,130,30,26,6
533,2021-06,city-of-london-street,91,99.0,56,29,50,19,10,64,63,20,20,10,5,34
534,2021-06,cleveland-street,2763,2224.0,807,782,456,228,320,464,164,56,203,52,55,36
535,2021-06,cumbria-street,1530,542.0,458,386,205,62,82,118,67,12,60,11,19,11
536,2021-06,derbyshire-street,4114,2734.0,1092,872,544,319,300,425,215,67,230,64,69,39
537,2021-06,devon-and-cornwall-street,4240,3477.0,822,1167,571,344,291,334,310,37,208,59,82,35
538,2021-06,dorset-street,2028,2054.0,427,564,408,319,230,200,75,128,49,41,26,22
539,2021-06,durham-street,2448,1820.0,601,790,321,174,213,228,108,39,143,16,30,25
540,2021-06,dyfed-powys-street,1796,536.0,554,379,210,76,113,94,136,9,73,4,19,13
541,2021-06,essex-street,7000,4065.0,1731,1318,956,838,477,619,425,160,283,110,99,125
542,2021-06,gloucestershire-street,1831,1886.0,388,414,288,147,169,217,110,44,98,23,32,20
543,2021-06,gwent-street,1780,1391.0,877,94,251,171,123,172,113,45,130,24,19,17
544,2021-06,hampshire-street,6679,3154.0,2182,1328,846,748,660,756,424,265,238,96,165,78
545,2021-06,hertfordshire-street,2590,2735.0,544,619,644,599,280,527,193,92,146,49,49,72
546,2021-06,humberside-street,3267,1512.0,1128,918,488,235,379,448,137,108,241,42,39,24
547,2021-06,kent-street,7527,3541.0,1201,1620,881,510,488,666,298,85,440,69,94,86
548,2021-06,lancashire-street,6227,6628.0,1257,1665,971,573,571,553,239,81,300,90,140,99
549,2021-06,leicestershire-street,3552,1128.0,1265,852,686,422,259,255,360,150,166,54,76,74
550,2021-06,lincolnshire-street,2098,1681.0,500,577,356,210,228,373,109,87,109,20,36,14
551,2021-06,merseyside-street,6179,2559.0,2231,1292,706,509,576,513,963,180,315,95,105,155
552,2021-06,metropolitan-street,22359,27629.0,5766,4903,8167,8083,4286,2964,3238,2110,814,1911,408,2889
553,2021-06,norfolk-street,3263,1095.0,833,685,453,130,190,215,171,90,237,34,32,31
554,2021-06,north-wales-street,2371,1640.0,677,603,338,112,165,263,93,32,121,19,17,13
555,2021-06,north-yorkshire-street,2007,2294.0,483,489,306,103,175,204,139,110,65,32,32,18
556,2021-06,northamptonshire-street,2606,1604.0,524,549,396,234,215,253,183,56,121,61,61,23
557,2021-06,northern-ireland-street,4691,5950.0,105,1535,753,179,287,451,759,75,224,42,112,25
558,2021-06,northumbria-street,4997,5062.0,1828,1629,972,475,464,658,266,179,318,56,112,94
559,2021-06,nottinghamshire-street,3434,4131.0,827,1017,679,401,379,791,299,137,256,68,84,89
560,2021-06,south-wales-street,4052,2703.0,1575,977,641,397,435,569,345,134,188,39,60,49
561,2021-06,south-yorkshire-street,4872,2760.0,1519,1372,914,698,742,580,357,100,441,120,155,61
562,2021-06,staffordshire-street,3025,2628.0,430,759,527,272,229,405,98,59,110,60,46,49
563,2021-06,suffolk-street,2112,853.0,539,494,333,180,141,194,134,59,109,23,50,39
564,2021-06,surrey-street,2728,2039.0,951,646,544,442,260,274,198,105,136,36,48,61
565,2021-06,sussex-street,4416,4030.0,1310,1129,844,607,363,608,317,202,249,73,125,94
566,2021-06,thames-valley-street,7202,2736.0,2534,1442,1243,895,592,782,482,406,282,73,133,241
567,2021-06,warwickshire-street,1650,1212.0,376,331,304,213,160,161,97,41,64,36,39,16
568,2021-06,west-mercia-street,3524,4224.0,686,736,595,236,335,452,195,47,138,42,80,34
569,2021-06,west-midlands-street,14820,3313.0,3235,2545,1910,2286,1407,1192,597,252,584,699,420,275
570,2021-06,west-yorkshire-street,11556,4048.0,3978,2324,1663,1175,1029,1107,712,189,622,181,200,187
571,2021-06,wiltshire-street,1653,1510.0,351,454,259,150,133,225,92,63,71,31,32,20
572,2021-07,avon-and-somerset-street,5501,2696.0,2180,1207,915,638,475,645,205,234,224,143,70,87
573,2021-07,bedfordshire-street,1818,1472.0,531,447,346,289,168,312,164,39,101,39,44,38
574,2021-07,btp-street,1028,,785,404,430,65,21,82,182,390,37,55,64,280
575,2021-07,cambridgeshire-street,2629,1451.0,793,725,515,312,240,300,165,280,152,74,58,62
576,2021-07,cheshire-street,3440,1755.0,1188,581,371,143,180,247,107,76,99,27,30,24
577,2021-07,city-of-london-street,104,109.0,61,24,68,12,20,76,49,26,23,15,4,66
578,2021-07,cleveland-street,2661,2064.0,795,797,438,287,403,481,151,73,154,77,52,36
579,2021-07,cumbria-street,1688,601.0,456,416,222,60,100,125,55,21,52,16,18,8
580,2021-07,derbyshire-street,4144,2856.0,1163,855,575,318,254,414,209,70,229,67,82,46
581,2021-07,devon-and-cornwall-street,4523,3330.0,828,1188,605,316,284,345,358,44,204,46,88,45
582,2021-07,dorset-street,2133,2116.0,393,583,437,320,201,197,78,98,30,44,27,36
583,2021-07,durham-street,2489,1629.0,615,703,323,160,218,237,119,32,148,17,32,30
584,2021-07,dyfed-powys-street,1941,927.0,555,423,262,64,107,147,125,17,52,1,20,8
585,2021-07,essex-street,7551,3045.0,1939,1311,1022,871,564,794,439,158,307,133,136,117
586,2021-07,gloucestershire-street,1860,1941.0,406,413,335,170,188,209,121,50,77,29,38,15
587,2021-07,gwent-street,1821,1348.0,814,79,282,194,147,184,113,51,125,18,21,12
588,2021-07,hampshire-street,6868,3027.0,2171,1332,893,737,598,654,400,228,207,93,164,94
589,2021-07,hertfordshire-street,2754,2918.0,540,623,660,491,263,584,226,115,161,48,70,98
590,2021-07,humberside-street,3318,1494.0,1115,813,515,195,420,385,101,115,219,54,41,28
591,2021-07,kent-street,8443,3347.0,1726,1935,1174,636,512,841,356,79,543,110,116,102
592,2021-07,lancashire-street,6106,7053.0,1247,1552,1159,598,635,647,214,85,300,95,120,96
593,2021-07,leicestershire-street,3334,1073.0,1174,835,591,377,271,291,256,121,180,63,62,66
594,2021-07,lincolnshire-street,2127,1690.0,489,500,356,181,288,293,122,62,123,32,53,6
595,2021-07,merseyside-street,6669,2411.0,2488,1407,664,556,517,597,971,166,272,106,98,169
596,2021-07,metropolitan-street,22626,26214.0,5962,4698,8283,7729,4262,2976,3291,2196,895,1877,433,3163
597,2021-07,norfolk-street,3024,1030.0,899,601,314,125,129,165,145,74,179,25,51,25
598,2021-07,north-wales-street,2430,1756.0,674,506,310,75,137,231,103,28,93,14,23,17
599,2021-07,north-yorkshire-street,2145,2192.0,492,541,320,148,165,273,121,91,61,24,19,11
600,2021-07,northamptonshire-street,2630,1555.0,519,587,444,264,241,240,169,52,100,50,89,24
601,2021-07,northern-ireland-street,4684,6352.0,82,1508,801,206,401,471,681,74,212,50,93,25
602,2021-07,northumbria-street,4631,4141.0,1647,1547,879,458,477,608,206,127,274,66,78,89
603,2021-07,nottinghamshire-street,3660,3739.0,849,976,647,442,355,688,318,124,266,69,108,69
604,2021-07,south-wales-street,4083,2447.0,1590,954,627,427,406,593,335,171,201,41,45,71
605,2021-07,south-yorkshire-street,5363,2553.0,1635,1430,1038,902,770,718,439,103,453,139,134,75
606,2021-07,staffordshire-street,3120,2480.0,480,616,425,240,232,290,99,43,98,67,39,26
607,2021-07,suffolk-street,2104,966.0,571,458,316,149,163,223,132,45,110,15,36,35
608,2021-07,surrey-street,2665,1947.0,1000,616,534,407,261,252,165,93,134,30,37,48
609,2021-07,sussex-street,4339,3858.0,1351,1114,934,523,306,574,340,185,200,57,122,94
610,2021-07,thames-valley-street,7587,2513.0,2920,1461,1320,951,674,803,514,435,228,74,145,221
611,2021-07,warwickshire-street,1740,1160.0,373,318,319,277,157,185,77,33,89,39,34,9
612,2021-07,west-mercia-street,3912,4058.0,749,766,578,311,366,457,197,51,131,49,75,49
613,2021-07,west-midlands-street,15540,3484.0,3252,2619,1853,2450,1487,1077,565,255,550,625,552,299
614,2021-07,west-yorkshire-street,11731,4168.0,4012,2396,1686,1351,1050,1050,681,199,619,205,217,182
615,2021-07,wiltshire-street,1707,1489.0,394,446,245,129,114,187,106,41,61,33,35,17
616,2021-08,avon-and-somerset-street,5196,2505.0,1905,1216,938,768,565,708,202,239,237,159,65,83
617,2021-08,bedfordshire-street,797,1342.0,464,374,322,313,145,289,146,77,62,22,34,37
618,2021-08,btp-street,1014,,738,340,414,74,17,94,226,388,40,69,53,250
619,2021-08,cambridgeshire-street,2346,1332.0,658,606,516,323,264,334,128,323,126,49,59,56
620,2021-08,cheshire-street,3246,1390.0,1042,446,295,168,173,199,73,49,137,34,20,22
621,2021-08,city-of-london-street,90,85.0,45,30,83,17,22,67,56,23,13,9,6,82
622,2021-08,cleveland-street,2593,2050.0,770,865,448,221,405,495,203,61,165,54,56,39
623,2021-08,cumbria-street,1513,600.0,392,390,243,71,133,154,77,23,31,9,18,15
624,2021-08,derbyshire-street,3611,2500.0,1028,847,571,413,306,411,202,71,160,50,80,48
625,2021-08,devon-and-cornwall-street,4197,3199.0,802,1286,666,253,290,385,298,50,199,38,127,54
626,2021-08,dorset-street,1870,1789.0,366,534,450,326,233,189,101,117,34,42,21,27
627,2021-08,durham-street,2277,1651.0,549,788,324,194,215,303,101,30,97,10,38,34
628,2021-08,dyfed-powys-street,1572,460.0,451,387,184,41,105,68,107,13,55,4,18,16
629,2021-08,essex-street,6632,2775.0,1681,1278,1022,887,551,706,421,158,260,134,113,133
630,2021-08,gloucestershire-street,1815,1681.0,423,461,314,139,192,233,102,45,86,29,26,31
631,2021-08,gwent-street,1650,1193.0,687,74,278,216,163,191,104,29,90,21,15,15
632,2021-08,hampshire-street,6307,3041.0,1894,1356,933,812,635,738,413,232,189,86,180,74
633,2021-08,hertfordshire-street,2532,2377.0,420,617,651,596,286,529,220,132,121,61,60,82
634,2021-08,humberside-street,3129,1394.0,969,898,500,231,410,383,119,140,210,48,45,33
635,2021-08,kent-street,7551,3168.0,1421,1769,1027,694,530,866,366,94,485,96,115,105
636,2021-08,lancashire-street,5725,5811.0,1078,1582,1094,653,668,723,206,110,261,102,120,104
637,2021-08,leicestershire-street,3307,860.0,1148,817,602,417,308,276,258,123,158,61,86,38
638,2021-08,lincolnshire-street,2231,1375.0,437,553,388,204,265,296,110,82,106,31,38,10
639,2021-08,merseyside-street,5865,2000.0,2071,1303,761,621,555,510,1024,179,260,101,105,213
640,2021-08,metropolitan-street,20153,23330.0,4892,4609,8225,8840,4403,3195,3252,2044,767,1935,404,3191
641,2021-08,norfolk-street,2993,1015.0,771,572,305,113,134,172,163,77,187,30,53,26
642,2021-08,north-wales-street,2540,1576.0,743,542,318,115,159,224,108,24,89,18,28,17
643,2021-08,north-yorkshire-street,1966,1937.0,441,575,348,155,183,264,127,98,50,27,30,18
644,2021-08,northamptonshire-street,2427,1381.0,444,534,430,253,213,220,191,78,110,53,57,30
645,2021-08,northern-ireland-street,4215,5107.0,77,1417,794,222,347,446,640,76,249,43,112,30
646,2021-08,northumbria-street,4682,4265.0,1542,1799,1019,499,507,642,241,137,272,79,97,113
647,2021-08,nottinghamshire-street,3174,3116.0,706,943,727,511,401,889,274,109,213,72,95,73
648,2021-08,south-wales-street,4114,2277.0,1470,997,591,466,421,490,417,133,163,48,74,88
649,2021-08,south-yorkshire-street,4892,2382.0,1398,1343,907,915,732,697,331,81,404,168,130,131
650,2021-08,staffordshire-street,2314,2274.0,395,579,465,295,229,360,66,49,72,62,50,47
651,2021-08,suffolk-street,1911,905.0,558,485,303,183,173,209,117,48,93,28,29,30
652,2021-08,surrey-street,2279,1715.0,790,626,461,420,256,252,160,116,102,38,45,43
653,2021-08,sussex-street,4174,3175.0,1272,1136,940,598,350,722,328,175,202,60,115,93
654,2021-08,thames-valley-street,6823,1949.0,2468,1331,1357,1089,611,890,519,430,233,90,147,275
655,2021-08,warwickshire-street,1564,955.0,336,325,298,300,147,187,103,29,42,34,42,24
656,2021-08,west-mercia-street,3499,3390.0,689,702,599,361,416,426,193,54,111,40,82,37
657,2021-08,west-midlands-street,13985,2649.0,3041,2425,1776,2543,1670,1184,533,263,558,634,535,299
658,2021-08,west-yorkshire-street,11148,3629.0,3610,2381,1631,1275,1059,1227,693,211,525,251,211,256
659,2021-08,wiltshire-street,1568,1299.0,339,411,273,148,137,200,101,62,48,13,40,11
660,2021-09,avon-and-somerset-street,5281,2270.0,1876,1427,866,707,492,674,214,272,213,165,92,112
661,2021-09,bedfordshire-street,1696,1131.0,450,347,320,416,210,241,158,46,87,41,37,29
662,2021-09,btp-street,1030,,746,376,502,114,13,90,201,522,37,53,39,316
663,2021-09,cambridgeshire-street,2480,1219.0,736,650,505,358,241,268,132,295,176,71,74,63
664,2021-09,cheshire-street,3163,1358.0,1052,490,422,176,221,255,116,67,111,26,26,30
665,2021-09,city-of-london-street,115,89.0,48,20,129,28,27,74,57,50,14,21,5,88
666,2021-09,cleveland-street,2662,2042.0,768,781,474,271,396,473,164,79,147,66,59,23
667,2021-09,cumbria-street,1683,514.0,422,434,203,67,143,134,73,17,45,21,23,14
668,2021-09,derbyshire-street,3617,2212.0,985,700,537,308,332,425,195,87,174,51,102,63
669,2021-09,devon-and-cornwall-street,4150,2722.0,753,1024,537,227,217,412,340,32,209,51,118,47
670,2021-09,dorset-street,1863,1685.0,399,542,427,285,224,228,79,99,34,47,29,16
671,2021-09,durham-street,2287,1627.0,507,784,277,214,251,325,101,38,131,14,26,39
672,2021-09,dyfed-powys-street,1662,553.0,492,322,213,60,101,113,110,8,63,2,26,15
673,2021-09,essex-street,6997,2616.0,1652,1166,918,906,489,664,414,141,305,116,106,119
674,2021-09,gloucestershire-street,2017,1490.0,433,488,302,148,209,238,90,63,65,22,27,16
675,2021-09,gwent-street,1743,1004.0,764,75,329,190,158,198,73,32,119,23,14,17
676,2021-09,hampshire-street,6631,2390.0,2071,1326,936,706,607,791,402,265,231,108,172,108
677,2021-09,hertfordshire-street,2659,2347.0,472,633,621,657,294,491,191,125,109,51,59,97
678,2021-09,humberside-street,3192,1273.0,966,858,511,279,379,438,112,139,214,54,41,29
679,2021-09,kent-street,7469,2517.0,1401,1755,1019,710,543,839,342,100,490,94,104,77
680,2021-09,lancashire-street,5816,5167.0,1089,1495,991,621,684,549,230,96,274,88,109,94
681,2021-09,leicestershire-street,3337,865.0,1168,849,672,356,275,294,233,156,163,69,71,56
682,2021-09,lincolnshire-street,2189,1242.0,449,523,344,206,278,292,102,89,109,29,52,15
683,2021-09,merseyside-street,6161,1859.0,2250,1380,719,583,548,537,918,174,313,109,107,243
684,2021-09,metropolitan-street,21640,21904.0,5261,4554,8969,9186,4445,2728,3031,2189,876,2252,406,3440
685,2021-09,norfolk-street,3152,953.0,822,550,311,115,159,190,189,81,231,38,54,37
686,2021-09,north-wales-street,2784,1237.0,848,536,305,79,165,264,107,20,98,24,21,14
687,2021-09,north-yorkshire-street,1974,1749.0,451,474,291,143,189,274,127,85,59,19,27,21
688,2021-09,northamptonshire-street,2552,1330.0,443,451,378,242,223,226,168,57,127,61,74,25
689,2021-09,northern-ireland-street,4324,4971.0,98,1382,762,216,354,420,741,78,235,29,85,24
690,2021-09,northumbria-street,4407,3619.0,1506,1523,902,546,511,621,202,184,249,65,84,90
691,2021-09,nottinghamshire-street,3095,3019.0,755,964,682,483,390,875,360,144,235,74,111,75
692,2021-09,south-wales-street,3927,2374.0,1399,939,674,510,476,549,305,152,185,46,60,65
693,2021-09,south-yorkshire-street,5116,2082.0,1538,1301,829,839,962,714,318,93,424,136,149,90
694,2021-09,staffordshire-street,2931,2114.0,474,773,573,443,342,448,91,98,84,49,31,26
695,2021-09,suffolk-street,2185,784.0,575,434,315,213,195,221,121,49,102,24,41,23
696,2021-09,surrey-street,2356,1527.0,841,598,495,417,313,266,138,94,114,37,57,54
697,2021-09,sussex-street,4316,2949.0,1388,1081,921,517,354,714,310,238,192,77,124,85
698,2021-09,thames-valley-street,7036,1776.0,2662,1422,1313,1082,631,839,467,450,238,118,83,257
699,2021-09,warwickshire-street,1694,955.0,319,341,291,254,175,177,81,35,72,23,53,17
700,2021-09,west-mercia-street,3727,3215.0,732,745,583,308,414,545,175,63,136,41,59,36
701,2021-09,west-midlands-street,14396,2253.0,3240,2414,1768,2884,1573,1077,601,285,532,678,570,323
702,2021-09,west-yorkshire-street,11519,2939.0,3949,2281,1577,1355,1007,1277,636,162,581,233,191,273
703,2021-09,wiltshire-street,1585,1299.0,384,418,286,168,154,207,93,51,81,32,33,16
704,2021-10,avon-and-somerset-street,5366,2313.0,1763,1307,850,694,554,636,218,274,265,139,89,86
705,2021-10,bedfordshire-street,1770,960.0,490,396,319,513,236,286,140,44,101,44,46,34
706,2021-10,btp-street,1043,,826,349,586,106,14,114,220,441,25,89,61,433
707,2021-10,cambridgeshire-street,2474,1158.0,653,629,500,399,290,310,184,304,136,57,63,87
708,2021-10,cheshire-street,3759,1465.0,1167,747,483,205,266,341,95,100,120,44,29,31
709,2021-10,city-of-london-street,151,95.0,56,39,112,14,16,66,54,34,24,6,4,79
710,2021-10,cleveland-street,2655,2019.0,757,931,423,264,377,474,174,63,144,88,53,41
711,2021-10,cumbria-street,1578,539.0,337,447,212,91,132,194,86,16,67,10,18,11
712,2021-10,derbyshire-street,3662,2126.0,875,799,523,454,375,387,176,76,180,49,90,48
713,2021-10,devon-and-cornwall-street,4230,2517.0,678,1080,569,196,243,424,324,35,151,52,118,38
714,2021-10,dorset-street,1907,1471.0,379,489,394,290,254,210,98,97,42,37,23,24
715,2021-10,durham-street,2237,1675.0,467,765,301,218,333,290,141,62,138,14,30,33
716,2021-10,dyfed-powys-street,1622,485.0,386,324,193,43,120,106,126,7,66,8,12,6
717,2021-10,essex-street,6985,1568.0,1605,1337,1090,1076,584,813,426,195,288,127,119,111
718,2021-10,gloucestershire-street,1871,1492.0,402,469,327,181,291,194,86,76,91,18,23,26
719,2021-10,gwent-street,1879,944.0,712,67,299,192,164,190,111,27,98,31,22,25
720,2021-10,hampshire-street,7037,2231.0,2012,1362,924,784,711,752,373,234,213,92,188,101
721,2021-10,hertfordshire-street,2623,2157.0,472,632,623,606,297,467,215,108,110,47,64,112
722,2021-10,humberside-street,3300,1302.0,941,1075,506,305,442,453,110,135,224,50,30,33
723,2021-10,kent-street,7541,2522.0,1201,1727,1053,874,609,945,365,105,464,115,117,90
724,2021-10,lancashire-street,6164,5064.0,1008,1584,977,737,865,766,271,100,309,111,117,122
725,2021-10,leicestershire-street,3537,786.0,1055,921,706,484,384,314,255,216,187,58,91,61
726,2021-10,lincolnshire-street,2209,1199.0,446,553,370,200,246,346,139,78,118,35,50,9
727,2021-10,merseyside-street,6464,1784.0,2227,1447,758,662,670,565,935,187,318,131,115,337
728,2021-10,metropolitan-street,22377,20998.0,5287,4664,9426,9363,4812,3052,3726,1999,958,2302,455,4573
729,2021-10,norfolk-street,3186,807.0,770,676,399,153,166,261,184,129,234,21,71,51
730,2021-10,north-wales-street,2622,1270.0,797,614,322,107,202,282,116,28,94,11,24,13
731,2021-10,north-yorkshire-street,1942,1696.0,421,538,308,132,186,317,152,81,68,21,38,17
732,2021-10,northamptonshire-street,2689,1125.0,436,556,437,284,234,269,200,55,120,65,75,15
733,2021-10,northern-ireland-street,4566,5127.0,86,1595,767,268,317,443,801,61,234,37,93,24
734,2021-10,northumbria-street,4997,3342.0,1469,1732,903,643,635,751,257,198,285,61,121,103
735,2021-10,nottinghamshire-street,3643,600.0,716,995,698,565,432,948,387,161,248,88,117,112
736,2021-10,south-wales-street,4002,2245.0,1350,944,697,524,326,692,350,138,200,55,68,89
737,2021-10,south-yorkshire-street,5167,2270.0,1419,1622,919,1176,886,656,372,119,431,146,154,102
738,2021-10,staffordshire-street,2884,2044.0,479,727,558,419,349,462,107,104,93,74,39,34
739,2021-10,suffolk-street,2218,692.0,456,477,313,213,238,179,109,63,93,24,49,46
740,2021-10,surrey-street,2350,1516.0,774,682,537,623,347,263,282,78,105,28,51,71
741,2021-10,sussex-street,4331,2684.0,1260,1067,888,605,392,774,311,229,222,87,118,90
742,2021-10,thames-valley-street,6849,1601.0,2509,1492,1333,1222,707,876,555,408,254,94,110,295
743,2021-10,warwickshire-street,1695,838.0,349,397,317,263,180,193,120,30,92,28,62,20
744,2021-10,west-mercia-street,3887,2851.0,641,826,606,428,415,524,200,61,131,54,84,38
745,2021-10,west-midlands-street,14473,2189.0,3219,2443,1799,2824,1849,1180,676,260,500,667,580,331
746,2021-10,west-yorkshire-street,11933,3044.0,3762,2515,1720,1388,1224,1432,788,211,629,254,203,278
747,2021-10,wiltshire-street,1603,1139.0,349,464,255,154,167,223,88,69,72,16,19,19
748,2021-11,avon-and-somerset-street,5236,2021.0,1689,1394,911,709,679,666,229,226,225,126,66,65
749,2021-11,bedfordshire-street,1666,827.0,429,384,334,383,275,241,142,52,75,42,28,35
750,2021-11,btp-street,1151,,729,504,559,106,11,100,234,468,31,135,61,461
751,2021-11,cambridgeshire-street,2420,969.0,637,594,505,358,342,326,175,252,141,53,67,73
752,2021-11,cheshire-street,3060,1148.0,1028,540,426,206,239,244,114,58,105,28,40,15
753,2021-11,city-of-london-street,159,68.0,57,21,150,25,22,56,43,26,19,16,8,85
754,2021-11,cleveland-street,2537,1765.0,640,892,441,307,341,583,169,52,159,60,44,32
755,2021-11,cumbria-street,1538,511.0,392,438,231,72,135,154,82,23,75,17,15,5
756,2021-11,derbyshire-street,3678,1733.0,840,749,493,441,373,267,210,56,166,50,89,50
757,2021-11,devon-and-cornwall-street,3991,2256.0,542,951,478,211,260,354,304,36,209,39,89,39
758,2021-11,dorset-street,1846,1401.0,293,555,356,308,279,223,76,98,72,22,14,32
759,2021-11,durham-street,2105,1418.0,426,751,289,226,305,267,110,30,115,17,37,26
760,2021-11,dyfed-powys-street,1770,472.0,347,387,210,47,114,125,131,3,54,5,22,17
761,2021-11,essex-street,6549,1709.0,1389,1408,1040,1075,557,795,477,119,286,113,121,102
762,2021-11,gloucestershire-street,2050,1298.0,363,464,380,167,244,206,84,54,85,32,26,27
763,2021-11,gwent-street,1942,1072.0,708,106,335,200,189,211,102,18,132,14,32,18
764,2021-11,hampshire-street,7066,1959.0,1805,1447,968,1010,745,725,422,235,236,161,172,104
765,2021-11,hertfordshire-street,2559,1801.0,439,676,753,753,369,479,213,81,139,35,57,120
766,2021-11,humberside-street,3034,1069.0,846,976,517,309,483,423,110,172,217,45,25,35
767,2021-11,kent-street,7522,1932.0,1124,1969,1146,956,614,1081,378,95,447,124,147,94
768,2021-11,lancashire-street,5809,4649.0,831,1514,973,625,826,633,207,86,306,82,108,95
769,2021-11,leicestershire-street,3326,716.0,1033,865,737,636,336,270,246,181,182,57,67,66
770,2021-11,lincolnshire-street,1971,1053.0,391,522,344,219,223,346,90,75,92,29,35,14
771,2021-11,merseyside-street,6405,1433.0,2125,1517,824,624,675,598,815,150,270,119,98,222
772,2021-11,metropolitan-street,21634,17996.0,4963,4550,9722,9591,4954,2950,3705,1676,872,2266,461,4801
773,2021-11,norfolk-street,2989,662.0,600,562,415,152,203,329,182,74,236,17,65,32
774,2021-11,north-wales-street,2700,1149.0,715,614,288,104,166,237,92,23,100,13,26,30
775,2021-11,north-yorkshire-street,1878,1442.0,372,482,305,131,173,277,161,91,70,29,41,24
776,2021-11,northamptonshire-street,2534,868.0,384,547,406,458,280,237,165,38,110,63,65,40
777,2021-11,northern-ireland-street,4215,3739.0,92,1381,839,241,296,431,694,53,229,38,95,20
778,2021-11,northumbria-street,4886,3018.0,1306,1659,1030,616,627,736,245,160,296,58,87,95
779,2021-11,nottinghamshire-street,3375,2597.0,674,999,744,578,414,841,372,112,224,62,86,100
780,2021-11,south-wales-street,3916,1996.0,1194,921,707,476,366,693,314,157,163,36,49,64
781,2021-11,south-yorkshire-street,5152,2156.0,1325,1755,951,1085,1073,715,359,110,468,148,145,96
782,2021-11,staffordshire-street,3360,1693.0,510,768,561,515,305,403,87,76,107,53,54,45
783,2021-11,suffolk-street,2259,564.0,452,478,357,177,187,209,135,49,104,26,56,31
784,2021-11,surrey-street,2336,1302.0,705,720,590,536,308,273,167,100,115,31,54,48
785,2021-11,sussex-street,4342,2359.0,1210,1185,970,526,337,857,335,167,244,75,138,70
786,2021-11,thames-valley-street,6627,1451.0,2241,1481,1314,1260,672,823,541,293,270,87,105,293
787,2021-11,warwickshire-street,1591,397.0,294,340,326,423,190,208,74,34,77,36,59,23
788,2021-11,west-mercia-street,3730,2311.0,607,723,568,394,438,567,185,54,133,47,84,41
789,2021-11,west-midlands-street,14818,2043.0,3029,2560,1967,3000,2028,1346,648,204,542,705,519,362
790,2021-11,west-yorkshire-street,11752,2218.0,3475,2720,1867,1330,1228,1303,718,179,556,250,191,254
791,2021-11,wiltshire-street,1582,1028.0,307,437,274,207,162,268,84,79,59,20,36,22
792,2021-12,avon-and-somerset-street,4845,1807.0,1431,1230,869,630,622,502,196,156,180,125,64,55
793,2021-12,bedfordshire-street,1608,746.0,365,393,365,475,274,241,126,37,85,54,40,37
794,2021-12,btp-street,1176,,788,322,466,93,14,92,151,267,34,128,55,423
795,2021-12,cambridgeshire-street,2359,879.0,547,564,485,459,286,268,145,132,140,51,61,63
796,2021-12,cheshire-street,2971,1007.0,766,458,398,185,223,229,72,47,101,26,16,22
797,2021-12,city-of-london-street,150,79.0,31,24,83,18,25,52,53,11,18,8,3,73
798,2021-12,cleveland-street,2484,1429.0,569,874,448,308,335,455,159,49,129,64,38,34
799,2021-12,cumbria-street,1599,504.0,367,390,214,59,137,164,93,13,53,12,31,8
800,2021-12,derbyshire-street,3589,1657.0,717,673,472,406,370,265,156,36,151,48,68,59
801,2021-12,devon-and-cornwall-street,4047,2086.0,577,1073,551,305,236,407,311,30,173,40,106,45
802,2021-12,dorset-street,1764,1227.0,242,449,334,322,246,173,105,55,41,27,31,23
803,2021-12,durham-street,2138,1303.0,385,818,277,208,291,241,110,24,111,20,18,35
804,2021-12,dyfed-powys-street,1600,490.0,373,391,166,56,94,100,93,13,53,4,8,15
805,2021-12,essex-street,6352,1679.0,1299,1199,1019,902,610,697,428,73,259,95,104,99
806,2021-12,gloucestershire-street,1831,1369.0,283,397,324,158,242,184,97,31,97,15,24,23
807,2021-12,gwent-street,1862,749.0,705,68,306,198,163,178,106,11,134,23,23,20
808,2021-12,hampshire-street,6590,1486.0,1548,1176,921,905,757,714,441,190,207,101,123,102
809,2021-12,hertfordshire-street,2627,1558.0,411,638,645,575,305,400,207,59,107,56,43,107
810,2021-12,humberside-street,2945,814.0,703,868,470,254,330,386,127,128,205,35,37,31
811,2021-12,kent-street,7103,1922.0,1034,1704,1111,855,525,868,337,70,471,88,140,75
812,2021-12,lancashire-street,5334,4050.0,755,1335,921,627,721,593,209,58,377,66,105,77
813,2021-12,leicestershire-street,3295,618.0,959,809,728,537,382,229,188,104,163,61,63,49
814,2021-12,lincolnshire-street,1911,960.0,336,444,310,264,302,372,96,60,91,24,33,11
815,2021-12,merseyside-street,5873,1144.0,1752,1156,743,611,630,505,781,126,249,145,100,203
816,2021-12,metropolitan-street,19812,16749.0,4339,4257,9045,8776,4712,2679,3339,1102,816,1996,437,4519
817,2021-12,norfolk-street,2733,622.0,560,573,396,161,166,225,133,76,167,27,54,33
818,2021-12,north-wales-street,2445,1020.0,633,562,322,94,172,240,92,11,86,13,29,19
819,2021-12,north-yorkshire-street,1867,1364.0,311,420,273,130,154,255,119,39,62,27,20,43
820,2021-12,northamptonshire-street,2674,946.0,340,461,378,351,291,185,146,31,112,61,60,41
821,2021-12,northern-ireland-street,4262,3611.0,81,1228,698,194,287,396,619,44,166,42,76,15
822,2021-12,northumbria-street,4645,2590.0,1162,1514,883,562,578,608,187,113,223,56,73,87
823,2021-12,nottinghamshire-street,3209,2202.0,636,907,638,533,380,828,339,108,174,75,82,83
824,2021-12,south-wales-street,3430,1667.0,945,876,646,593,321,599,271,103,170,36,33,67
825,2021-12,south-yorkshire-street,5014,1535.0,1142,1393,835,857,995,534,317,75,387,173,107,98
826,2021-12,staffordshire-street,3274,1481.0,469,669,563,352,320,337,88,59,77,68,45,38
827,2021-12,suffolk-street,2114,513.0,390,406,328,152,176,217,107,44,83,28,37,42
828,2021-12,surrey-street,2314,1197.0,600,643,532,498,320,227,165,67,97,30,41,56
829,2021-12,sussex-street,3835,1896.0,905,1060,891,470,313,626,251,89,198,69,126,80
830,2021-12,thames-valley-street,6380,1221.0,1899,1357,1328,1028,729,690,431,176,212,84,90,268
831,2021-12,warwickshire-street,1368,334.0,256,296,281,293,165,172,87,24,64,20,32,22
832,2021-12,west-mercia-street,3601,2268.0,586,662,657,476,376,512,153,50,117,41,72,31
833,2021-12,west-midlands-street,14434,1641.0,2652,2490,1966,3056,1913,1223,665,105,543,682,489,345
834,2021-12,west-yorkshire-street,11217,1632.0,3159,2407,1705,1262,1232,1154,684,96,537,240,185,283
835,2021-12,wiltshire-street,1520,1002.0,237,422,234,162,161,205,71,42,37,19,26,30
836,2022-01,avon-and-somerset-street,4773,1742.0,1423,1166,825,697,698,578,195,171,218,120,47,61
837,2022-01,bedfordshire-street,1607,853.0,375,370,324,436,256,256,194,62,96,46,33,26
838,2022-01,btp-street,943,,724,427,512,66,21,124,205,253,33,121,62,501
839,2022-01,cambridgeshire-street,2342,889.0,558,569,503,410,301,285,156,131,184,42,56,57
840,2022-01,cheshire-street,3176,1280.0,969,578,373,241,271,348,126,65,108,21,29,15
841,2022-01,city-of-london-street,128,78.0,40,34,70,15,15,56,62,14,19,4,8,50
842,2022-01,cleveland-street,2374,1518.0,560,786,391,329,351,447,181,46,162,45,68,27
843,2022-01,cumbria-street,1536,467.0,382,480,185,60,142,136,99,9,56,15,20,10
844,2022-01,derbyshire-street,3530,1819.0,729,720,509,366,357,351,187,31,176,71,87,58
845,2022-01,devon-and-cornwall-street,3798,2274.0,544,1058,553,256,251,389,326,32,179,41,91,38
846,2022-01,dorset-street,1773,1329.0,267,491,346,307,219,225,79,67,64,34,24,22
847,2022-01,durham-street,2188,1517.0,402,855,304,218,290,330,97,23,142,19,25,20
848,2022-01,dyfed-powys-street,1799,573.0,330,340,204,43,92,116,114,8,78,8,15,13
849,2022-01,essex-street,6365,1761.0,1247,1298,912,1030,637,751,435,103,283,116,116,71
850,2022-01,gloucestershire-street,2101,1120.0,407,341,286,172,221,222,104,49,97,23,27,19
851,2022-01,gwent-street,1902,920.0,786,86,287,209,156,176,138,15,101,29,22,12
852,2022-01,hampshire-street,6715,1804.0,1586,1213,878,892,742,662,403,145,212,86,174,90
853,2022-01,hertfordshire-street,2599,1702.0,378,620,711,629,372,487,193,64,119,48,50,86
854,2022-01,humberside-street,3061,930.0,807,964,450,308,410,538,106,116,212,40,36,23
855,2022-01,kent-street,7008,2038.0,959,1732,1020,841,597,943,343,68,480,114,126,69
856,2022-01,lancashire-street,5742,4417.0,757,1447,956,665,712,638,208,62,395,65,123,81
857,2022-01,leicestershire-street,3338,726.0,930,899,744,573,407,272,269,170,206,62,84,50
858,2022-01,lincolnshire-street,2328,1014.0,391,611,404,227,319,383,115,82,125,31,37,18
859,2022-01,merseyside-street,6043,1474.0,1873,1240,705,616,546,573,1126,114,296,104,122,197
860,2022-01,metropolitan-street,20244,17250.0,4146,4392,8613,9198,4880,2854,4150,1215,860,2065,467,4034
861,2022-01,norfolk-street,2841,694.0,543,582,399,207,222,289,174,69,211,37,68,30
862,2022-01,north-wales-street,2606,1227.0,728,614,320,105,159,298,112,24,111,11,37,13
863,2022-01,north-yorkshire-street,1872,1233.0,279,452,275,123,180,265,115,63,52,24,25,29
864,2022-01,northamptonshire-street,2578,924.0,347,509,391,386,326,263,192,39,122,64,63,44
865,2022-01,northern-ireland-street,4133,3851.0,83,1352,713,222,347,406,602,55,222,37,68,15
866,2022-01,northumbria-street,4952,3088.0,1318,1706,941,625,564,742,244,147,248,70,85,85
867,2022-01,nottinghamshire-street,3174,200.0,706,950,675,573,485,842,323,106,237,92,117,82
868,2022-01,south-wales-street,3724,1945.0,970,910,551,555,305,556,267,123,162,48,44,48
869,2022-01,south-yorkshire-street,5096,1843.0,1164,1528,944,903,1074,623,308,96,404,125,150,99
870,2022-01,staffordshire-street,2657,1581.0,339,451,362,244,221,221,48,25,72,41,32,30
871,2022-01,suffolk-street,2179,618.0,394,478,358,205,175,209,153,47,104,20,30,34
872,2022-01,surrey-street,2366,1316.0,631,622,504,458,359,299,194,76,96,34,46,37
873,2022-01,sussex-street,4128,2212.0,992,1026,868,506,336,660,294,109,278,68,130,55
874,2022-01,thames-valley-street,6229,1456.0,1683,1261,1287,1143,581,791,484,213,217,67,85,194
875,2022-01,warwickshire-street,1312,695.0,223,300,334,311,175,145,51,34,77,28,29,10
876,2022-01,west-mercia-street,3766,2230.0,566,790,606,427,378,495,148,29,133,64,71,37
877,2022-01,west-midlands-street,13767,1656.0,2422,2392,1893,3051,1957,1321,668,142,495,628,518,373
878,2022-01,west-yorkshire-street,11259,1965.0,3111,2336,1740,1323,1257,1328,744,131,571,244,212,317
879,2022-01,wiltshire-street,1505,945.0,292,490,301,158,155,212,69,55,70,21,30,18
880,2022-02,avon-and-somerset-street,4615,1622.0,1287,1144,817,667,566,723,190,182,217,100,60,75
881,2022-02,bedfordshire-street,1584,747.0,356,324,322,399,264,227,154,37,120,52,31,37
882,2022-02,btp-street,1053,,679,398,409,73,10,73,236,257,36,116,51,380
883,2022-02,cambridgeshire-street,2156,853.0,559,491,480,391,308,297,168,120,137,45,59,69
884,2022-02,cheshire-street,2874,1035.0,786,525,357,175,208,324,86,56,111,20,23,16
885,2022-02,city-of-london-street,92,65.0,40,19,134,12,38,49,42,9,17,7,2,66
886,2022-02,cleveland-street,2344,1375.0,606,804,438,334,326,440,146,66,148,42,55,32
887,2022-02,cumbria-street,1459,363.0,270,340,211,65,106,142,81,9,71,6,17,5
888,2022-02,derbyshire-street,3289,1689.0,735,716,493,334,281,325,168,36,194,57,83,52
889,2022-02,devon-and-cornwall-street,3716,2038.0,576,926,466,196,197,375,274,25,193,50,79,26
890,2022-02,dorset-street,1626,1169.0,267,452,335,226,187,233,64,56,29,24,18,25
891,2022-02,durham-street,2085,1407.0,399,718,319,191,239,343,106,30,129,11,36,15
892,2022-02,dyfed-powys-street,1741,517.0,355,359,187,46,82,149,136,8,68,4,19,8
893,2022-02,essex-street,5795,1764.0,1153,1071,904,966,548,679,376,85,261,117,104,119
894,2022-02,gloucestershire-street,1866,740.0,449,364,295,145,229,194,65,57,72,19,24,26
895,2022-02,gwent-street,1903,792.0,697,69,241,173,179,173,101,25,118,15,29,17
896,2022-02,hampshire-street,6428,1638.0,1586,1175,897,750,682,589,334,191,215,97,169,97
897,2022-02,hertfordshire-street,2377,1618.0,416,552,599,475,280,484,230,60,126,45,62,85
898,2022-02,humberside-street,2925,882.0,764,810,451,267,417,618,118,132,221,50,33,30
899,2022-02,kent-street,6533,1982.0,957,1583,1055,693,558,957,277,74,430,113,109,62
900,2022-02,lancashire-street,5401,4088.0,715,1293,905,570,592,600,217,36,318,71,93,72
901,2022-02,leicestershire-street,3339,727.0,966,804,666,536,401,331,235,121,170,45,87,54
902,2022-02,lincolnshire-street,2032,965.0,328,449,331,194,258,359,92,60,124,28,38,5
903,2022-02,merseyside-street,5704,1192.0,1792,1226,683,593,619,578,991,93,298,103,110,182
904,2022-02,metropolitan-street,19808,15589.0,4222,3967,8897,8235,4333,2839,3660,1126,863,1971,408,4360
905,2022-02,norfolk-street,2730,746.0,561,528,398,143,158,255,157,70,179,32,58,28
906,2022-02,north-wales-street,2587,1066.0,618,576,282,85,136,318,120,23,95,11,22,13
907,2022-02,north-yorkshire-street,1761,1174.0,311,432,275,104,139,243,124,73,48,21,24,25
908,2022-02,northamptonshire-street,2322,860.0,345,466,400,372,236,272,155,20,201,64,57,29
909,2022-02,northern-ireland-street,3815,3265.0,86,1146,713,200,262,462,525,42,211,41,56,9
910,2022-02,northumbria-street,4749,3159.0,1156,1562,886,513,562,706,230,150,279,69,81,94
911,2022-02,nottinghamshire-street,3287,2174.0,670,869,673,523,450,914,292,105,209,79,92,67
912,2022-02,south-wales-street,3469,1621.0,1037,906,560,445,294,636,238,113,158,42,58,71
913,2022-02,south-yorkshire-street,4745,1673.0,1187,1347,892,967,1016,709,304,55,366,113,136,92
914,2022-02,staffordshire-street,2690,1584.0,362,497,406,262,271,330,100,62,93,37,40,28
915,2022-02,suffolk-street,1935,609.0,403,389,289,112,144,235,110,42,94,24,48,42
916,2022-02,surrey-street,2292,1214.0,688,588,546,462,318,279,164,80,108,30,52,60
917,2022-02,sussex-street,3662,1646.0,901,963,801,475,321,621,227,108,221,83,124,87
918,2022-02,thames-valley-street,5882,1382.0,1666,1172,1217,1002,608,785,468,211,240,87,94,231
919,2022-02,warwickshire-street,1249,494.0,226,222,276,273,172,171,60,27,78,26,48,17
920,2022-02,west-mercia-street,3738,1492.0,754,683,537,481,443,563,165,51,159,55,74,38
921,2022-02,west-midlands-street,13179,1668.0,2466,2221,1875,2671,1603,1270,640,169,544,621,504,366
922,2022-02,west-yorkshire-street,10896,1749.0,3010,2172,1593,1251,1089,1338,721,105,565,198,197,231
923,2022-02,wiltshire-street,1365,937.0,293,352,202,152,139,240,82,57,63,20,26,23
924,2022-03,avon-and-somerset-street,5027,2024.0,1691,1169,953,742,538,749,227,246,274,154,58,60
925,2022-03,bedfordshire-street,1787,1010.0,470,380,365,363,237,298,168,44,110,61,50,40
926,2022-03,btp-street,1122,,814,480,552,122,10,95,326,303,41,109,77,627
927,2022-03,cambridgeshire-street,2619,996.0,606,560,529,396,299,375,159,156,150,58,60,71
928,2022-03,cheshire-street,3303,1146.0,959,577,430,213,252,367,118,69,109,32,24,23
929,2022-03,city-of-london-street,123,71.0,39,20,127,33,13,58,47,12,22,9,3,110
930,2022-03,cleveland-street,2559,1705.0,625,861,450,354,312,473,215,75,171,63,69,35
931,2022-03,cumbria-street,1739,427.0,406,474,233,75,133,186,79,14,84,12,27,5
932,2022-03,derbyshire-street,3649,2095.0,876,757,552,402,310,334,183,49,197,57,66,71
933,2022-03,devon-and-cornwall-street,3963,2176.0,601,987,509,252,247,359,375,29,209,43,120,32
934,2022-03,dorset-street,1825,1337.0,325,505,359,328,259,279,72,84,51,31,33,15
935,2022-03,durham-street,2199,1650.0,513,882,362,237,278,433,145,35,158,13,37,22
936,2022-03,dyfed-powys-street,1867,430.0,468,393,208,52,111,155,138,12,58,9,17,15
937,2022-03,essex-street,6930,2180.0,1487,1413,1116,1185,597,882,510,129,321,108,122,119
938,2022-03,gloucestershire-street,2590,966.0,682,438,393,162,299,220,128,54,115,29,32,50
939,2022-03,gwent-street,2076,1021.0,857,67,330,214,154,203,89,14,116,22,28,26
940,2022-03,hampshire-street,7148,1866.0,1816,1306,1036,808,713,731,396,175,251,95,187,99
941,2022-03,hertfordshire-street,2632,1903.0,438,611,761,637,269,538,258,79,137,48,68,132
942,2022-03,humberside-street,3354,1140.0,957,990,548,298,419,666,128,177,236,45,41,20
943,2022-03,kent-street,7298,2242.0,1103,1738,1176,854,607,1017,375,89,493,106,114,98
944,2022-03,lancashire-street,6000,5030.0,908,1488,1018,614,652,718,262,69,323,103,117,103
945,2022-03,leicestershire-street,3854,887.0,1153,938,829,649,482,347,302,143,197,72,100,66
946,2022-03,lincolnshire-street,2174,1101.0,418,564,363,196,270,401,106,55,135,35,47,17
947,2022-03,merseyside-street,6460,1414.0,2261,1386,824,713,537,684,1214,151,322,113,143,254
948,2022-03,metropolitan-street,22116,35180.0,5011,4480,9823,9263,4602,3140,3951,1399,1030,2073,472,5252
949,2022-03,norfolk-street,3002,753.0,657,614,447,160,157,312,181,63,212,33,56,42
950,2022-03,north-wales-street,2913,1337.0,720,612,322,93,164,363,159,21,102,13,23,21
951,2022-03,north-yorkshire-street,1995,1500.0,370,448,341,125,164,247,114,78,68,22,29,32
952,2022-03,northamptonshire-street,2684,1078.0,418,518,469,371,208,300,181,39,109,63,57,23
953,2022-03,northern-ireland-street,4592,4197.0,96,1459,890,227,351,492,708,49,268,37,100,30
954,2022-03,northumbria-street,5101,3635.0,1446,1609,1119,629,580,788,246,139,321,77,93,88
955,2022-03,nottinghamshire-street,3428,2662.0,784,1067,761,587,483,886,305,101,343,124,117,94
956,2022-03,south-wales-street,3751,1779.0,1177,1021,672,560,371,662,237,131,206,40,57,79
957,2022-03,south-yorkshire-street,5416,2034.0,1451,1619,1002,1178,1044,768,328,93,395,178,145,100
958,2022-03,staffordshire-street,3071,1995.0,368,591,469,369,302,403,94,58,107,58,49,36
959,2022-03,suffolk-street,2145,727.0,469,428,408,144,172,256,98,39,103,28,60,46
960,2022-03,surrey-street,2570,1355.0,722,629,666,511,328,312,170,96,133,35,38,53
961,2022-03,sussex-street,4271,1863.0,1261,1181,954,460,342,788,248,161,185,67,125,109
962,2022-03,thames-valley-street,6839,1537.0,2077,1455,1433,1259,609,904,471,357,301,97,97,243
963,2022-03,warwickshire-street,1501,855.0,250,327,311,379,193,177,81,43,81,25,38,20
964,2022-03,west-mercia-street,4127,1834.0,899,762,663,432,390,636,183,55,158,52,77,40
965,2022-03,west-midlands-street,14002,1868.0,2752,2527,2168,3020,1823,1425,693,185,544,684,564,342
966,2022-03,west-yorkshire-street,12504,2411.0,3721,2512,1923,1344,1128,1522,759,166,685,238,254,246
967,2022-03,wiltshire-street,1555,1177.0,359,442,299,166,153,224,88,44,66,33,37,19
968,2022-04,avon-and-somerset-street,4892,2093.0,1729,1264,988,731,551,788,204,223,203,139,72,68
969,2022-04,bedfordshire-street,1653,970.0,432,439,366,361,187,249,134,64,75,47,38,30
970,2022-04,btp-street,1147,,807,489,500,131,18,135,209,380,37,112,74,427
971,2022-04,cambridgeshire-street,2278,1085.0,653,596,510,383,265,350,159,179,146,45,64,57
972,2022-04,cheshire-street,3036,1330.0,901,588,390,224,227,318,109,101,112,29,33,19
973,2022-04,city-of-london-street,110,72.0,45,31,89,24,25,57,50,16,14,5,8,108
974,2022-04,cleveland-street,2770,1643.0,669,932,434,415,405,572,168,74,193,63,56,39
975,2022-04,cumbria-street,1666,423.0,403,489,245,68,132,158,68,14,52,10,22,5
976,2022-04,derbyshire-street,3393,2287.0,816,791,555,381,239,305,205,64,150,57,81,85
977,2022-04,devon-and-cornwall-street,3848,2376.0,615,1093,544,285,294,414,279,56,200,53,132,44
978,2022-04,dorset-street,1723,1706.0,285,511,384,337,244,288,78,65,50,22,28,17
979,2022-04,durham-street,1997,1821.0,453,855,353,212,269,412,124,30,147,14,46,15
980,2022-04,dyfed-powys-street,1869,417.0,491,443,251,45,103,145,165,17,67,6,23,28
981,2022-04,essex-street,6146,2446.0,1406,1273,949,955,567,696,349,158,261,118,128,78
982,2022-04,gloucestershire-street,2108,888.0,621,478,355,156,294,258,86,60,103,26,28,24
983,2022-04,gwent-street,1970,1174.0,879,93,315,193,151,227,119,20,130,32,20,17
984,2022-04,hampshire-street,6544,2104.0,1803,1302,968,827,626,709,375,232,201,87,162,124
985,2022-04,hertfordshire-street,2432,1963.0,444,635,662,566,277,540,216,74,116,55,67,84
986,2022-04,humberside-street,3174,1388.0,927,931,543,266,450,650,115,179,231,52,32,26
987,2022-04,kent-street,6989,2539.0,1072,1797,1173,776,642,993,328,98,431,103,110,93
988,2022-04,lancashire-street,5681,5242.0,894,1556,1063,728,709,865,232,94,327,85,127,93
989,2022-04,leicestershire-street,3491,882.0,1129,933,800,610,398,387,317,156,149,71,91,80
990,2022-04,lincolnshire-street,2144,1145.0,440,627,421,229,299,426,117,53,103,22,40,9
991,2022-04,merseyside-street,6135,1442.0,2310,1330,820,616,509,659,973,162,243,93,95,184
992,2022-04,metropolitan-street,20403,18299.0,4601,4597,9406,8777,4042,3211,3103,1639,822,1920,440,4656
993,2022-04,norfolk-street,2771,901.0,660,660,451,145,159,303,171,87,176,29,54,41
994,2022-04,north-wales-street,2573,1542.0,673,587,326,97,138,309,94,31,99,13,40,23
995,2022-04,north-yorkshire-street,1640,1537.0,304,471,340,153,173,250,87,113,55,17,23,18
996,2022-04,northamptonshire-street,2551,1083.0,369,528,457,322,236,275,141,30,135,57,70,22
997,2022-04,northern-ireland-street,4221,4151.0,107,1440,831,211,295,664,633,50,236,32,100,21
998,2022-04,northumbria-street,4688,4036.0,1315,1660,1053,596,572,827,218,134,292,67,101,99
999,2022-04,nottinghamshire-street,3230,2981.0,674,1076,813,562,435,967,342,126,271,106,121,99
1000,2022-04,south-wales-street,3530,1760.0,1193,991,659,411,356,699,259,100,128,52,42,82
1001,2022-04,south-yorkshire-street,5215,2321.0,1369,1576,959,1192,956,824,291,95,400,150,143,91
1002,2022-04,staffordshire-street,3926,2052.0,596,922,981,667,507,698,143,101,142,136,44,70
1003,2022-04,suffolk-street,2112,766.0,470,510,323,172,191,272,114,55,98,18,40,28
1004,2022-04,surrey-street,2324,1425.0,759,615,563,433,322,289,147,87,107,37,56,67
1005,2022-04,sussex-street,4019,1819.0,1319,1185,865,506,349,717,251,172,204,73,123,80
1006,2022-04,thames-valley-street,6508,1730.0,2111,1523,1371,1152,557,884,332,398,263,110,111,254
1007,2022-04,warwickshire-street,1507,872.0,341,419,330,396,216,181,59,40,103,27,46,16
1008,2022-04,west-mercia-street,3979,2062.0,897,857,737,430,453,597,190,55,157,55,102,51
1009,2022-04,west-midlands-street,13515,1983.0,2798,2499,2002,3001,1616,1467,599,200,506,712,584,361
1010,2022-04,west-yorkshire-street,11527,2506.0,3800,2478,1966,1363,1041,1584,727,150,612,232,235,284
1011,2022-04,wiltshire-street,1545,1161.0,360,417,288,184,167,225,93,32,70,23,33,15
1012,2022-05,avon-and-somerset-street,5034,2120.0,1780,1195,959,816,577,939,227,269,219,136,72,82
1013,2022-05,bedfordshire-street,1795,1058.0,457,420,405,447,226,237,124,80,98,58,45,55
1014,2022-05,btp-street,1178,,969,468,608,167,14,118,256,388,35,119,65,556
1015,2022-05,cambridgeshire-street,2701,1065.0,717,613,511,370,253,341,199,211,160,63,69,44
1016,2022-05,cheshire-street,3232,1283.0,1097,615,479,183,245,369,125,77,122,32,30,42
1017,2022-05,city-of-london-street,121,70.0,39,24,125,26,38,63,40,18,20,11,5,118
1018,2022-05,cleveland-street,3089,1532.0,827,964,491,391,440,624,190,89,200,85,68,68
1019,2022-05,cumbria-street,1723,433.0,417,478,243,83,139,173,82,24,71,16,38,10
1020,2022-05,derbyshire-street,3737,2254.0,953,810,598,480,319,368,168,57,176,53,77,90
1021,2022-05,devon-and-cornwall-street,4256,2455.0,695,1131,607,283,269,499,377,61,202,44,105,44
1022,2022-05,dorset-street,1901,1784.0,361,527,413,395,233,297,70,85,53,22,38,48
1023,2022-05,durham-street,2166,1540.0,459,794,330,200,260,423,135,37,127,22,33,12
1024,2022-05,dyfed-powys-street,2157,640.0,576,419,254,58,118,168,171,22,78,9,30,22
1025,2022-05,essex-street,6665,2575.0,1612,1339,1075,1099,570,730,466,133,310,111,150,92
1026,2022-05,gloucestershire-street,2701,780.0,875,486,421,182,236,252,121,57,139,35,42,24
1027,2022-05,gwent-street,2042,900.0,854,71,333,205,180,215,104,24,138,29,32,19
1028,2022-05,hampshire-street,7173,2416.0,2023,1398,1060,822,721,787,437,228,223,94,200,131
1029,2022-05,hertfordshire-street,2742,2123.0,478,669,772,680,300,499,220,98,120,60,44,90
1030,2022-05,kent-street,7453,2720.0,983,1749,1216,728,574,944,315,73,488,120,101,82
1031,2022-05,lancashire-street,6030,5176.0,1029,1546,1161,628,690,867,260,158,292,96,134,118
1032,2022-05,leicestershire-street,3942,1006.0,1204,1027,755,575,451,375,319,205,232,74,95,72
1033,2022-05,lincolnshire-street,2374,1174.0,501,562,418,193,301,439,141,84,137,46,51,11
1034,2022-05,metropolitan-street,23169,20775.0,5358,4731,10092,8924,4596,3479,3735,1828,1011,2475,428,4812
1035,2022-05,norfolk-street,3203,890.0,728,662,461,150,177,370,161,90,231,29,76,43
1036,2022-05,north-wales-street,2837,1474.0,753,608,386,106,194,362,130,42,131,11,29,22
1037,2022-05,north-yorkshire-street,2039,1723.0,403,550,390,161,223,340,136,111,72,22,25,33
1038,2022-05,northamptonshire-street,2870,1157.0,446,566,439,306,210,361,166,31,148,63,83,38
1039,2022-05,northern-ireland-street,4677,4301.0,87,1478,810,239,335,745,661,62,263,49,93,20
1040,2022-05,northumbria-street,5259,3922.0,1433,1573,1120,793,652,825,221,158,282,79,114,91
1041,2022-05,nottinghamshire-street,3539,3152.0,772,1056,816,557,449,984,332,127,322,83,110,101
1042,2022-05,south-wales-street,3899,1918.0,1377,990,722,573,384,831,256,145,157,34,50,65
1043,2022-05,south-yorkshire-street,5629,2406.0,1681,1687,1165,1081,1015,819,296,70,442,169,183,88
1044,2022-05,staffordshire-street,4561,2144.0,636,1029,503,265,343,359,101,50,174,85,45,50
1045,2022-05,suffolk-street,2343,800.0,535,495,329,216,182,317,149,64,116,32,64,32
1046,2022-05,surrey-street,2480,1531.0,826,670,621,467,271,363,191,88,130,34,41,45
1047,2022-05,sussex-street,4235,1954.0,1425,1200,927,495,442,848,280,165,186,61,126,91
1048,2022-05,thames-valley-street,7547,1727.0,2232,1652,1400,1379,589,990,388,438,330,99,123,287
1049,2022-05,warwickshire-street,1663,908.0,343,338,336,374,166,192,73,38,116,38,46,25
1050,2022-05,west-mercia-street,3923,2082.0,866,734,682,443,397,525,182,54,172,49,81,48
1051,2022-05,west-midlands-street,14707,1861.0,3236,2626,2212,2990,1635,1555,698,230,605,750,676,324
1052,2022-05,west-yorkshire-street,12915,2329.0,4143,2663,2045,1582,1341,1685,751,197,625,261,259,306
1053,2022-05,wiltshire-street,1747,1147.0,370,450,296,170,171,287,111,42,74,36,41,27
1054,2022-06,avon-and-somerset-street,5016,2145.0,1764,1197,1033,940,555,845,192,266,227,125,70,103
1055,2022-06,bedfordshire-street,1722,1051.0,469,405,371,430,215,257,135,58,82,45,45,48
1056,2022-06,btp-street,1064,,860,488,815,134,20,130,177,579,33,66,71,561
1057,2022-06,cambridgeshire-street,2546,848.0,787,608,533,361,251,342,170,212,180,58,62,87
1058,2022-06,cheshire-street,3148,1342.0,1017,553,459,227,227,344,86,82,105,27,27,26
1059,2022-06,cleveland-street,2784,1344.0,804,890,502,360,425,618,128,83,159,98,55,69
1060,2022-06,cumbria-street,1577,432.0,440,429,254,85,175,194,66,27,60,7,31,8
1061,2022-06,derbyshire-street,3551,2189.0,931,735,586,375,331,406,185,53,154,58,94,62
1062,2022-06,devon-and-cornwall-street,4445,2222.0,719,1124,671,339,314,436,356,56,240,54,118,74
1063,2022-06,dorset-street,1833,1743.0,286,535,427,323,216,258,66,73,34,35,14,40
1064,2022-06,durham-street,2206,1555.0,568,717,392,204,193,367,104,32,127,10,41,13
1065,2022-06,dyfed-powys-street,2047,620.0,505,421,236,61,130,153,189,34,74,7,33,8
1066,2022-06,essex-street,6472,2398.0,1471,1181,1089,1011,539,682,442,113,309,141,143,130
1067,2022-06,gloucestershire-street,2642,626.0,862,469,394,173,262,256,111,71,136,44,32,24
1068,2022-06,gwent-street,2069,897.0,849,73,353,213,140,218,118,34,131,22,31,17
1069,2022-06,hampshire-street,6812,2389.0,1915,1329,1051,838,685,745,403,222,225,90,173,87
1070,2022-06,hertfordshire-street,2536,2283.0,423,644,770,574,319,594,192,82,128,46,62,143
1071,2022-06,kent-street,7261,2552.0,1109,1667,1267,738,533,1092,338,91,419,113,117,91
1072,2022-06,lancashire-street,5463,4916.0,978,1425,925,670,717,670,207,142,256,93,132,102
1073,2022-06,leicestershire-street,3853,888.0,1214,949,777,555,461,353,278,153,231,57,106,105
1074,2022-06,lincolnshire-street,2230,1179.0,511,615,353,209,247,410,114,66,121,40,50,18
1075,2022-06,merseyside-street,6347,1497.0,2303,1341,817,552,471,633,1078,135,261,112,101,252
1076,2022-06,metropolitan-street,21834,20325.0,5338,4591,10167,9103,4257,3229,3443,1841,938,2412,458,4608
1077,2022-06,norfolk-street,2996,885.0,725,633,450,117,183,287,177,72,188,30,66,31
1078,2022-06,north-wales-street,2616,1379.0,700,569,392,129,175,314,84,29,109,4,29,26
1079,2022-06,north-yorkshire-street,1958,1633.0,390,453,396,145,197,299,110,122,80,15,33,25
1080,2022-06,northamptonshire-street,2758,1122.0,386,527,493,289,250,241,207,38,135,79,85,31
1081,2022-06,northern-ireland-street,4716,4138.0,100,1429,837,227,327,647,661,93,270,43,112,40
1082,2022-06,northumbria-street,4891,3699.0,1367,1540,1092,678,520,707,203,151,274,62,94,84
1083,2022-06,nottinghamshire-street,3374,400.0,755,989,840,519,424,986,327,144,218,59,102,71
1084,2022-06,south-wales-street,3547,1757.0,1262,946,723,601,357,683,231,179,157,40,63,95
1085,2022-06,south-yorkshire-street,5316,2130.0,1607,1511,993,1026,881,780,306,78,412,163,151,101
1086,2022-06,staffordshire-street,4269,1906.0,672,891,801,535,415,587,88,121,129,106,63,50
1087,2022-06,suffolk-street,2360,752.0,528,511,370,247,168,289,111,73,114,21,42,41
1088,2022-06,surrey-street,2533,1529.0,851,646,666,486,280,337,163,126,130,31,39,57
1089,2022-06,sussex-street,4189,1922.0,1414,1184,1083,518,401,896,252,291,203,66,129,113
1090,2022-06,thames-valley-street,7198,1776.0,2279,1602,1411,1105,562,895,319,476,263,105,111,262
1091,2022-06,warwickshire-street,1618,879.0,321,347,343,378,163,165,81,43,64,39,53,22
1092,2022-06,west-mercia-street,4038,1878.0,1052,755,747,387,426,643,159,53,166,56,82,42
1093,2022-06,west-yorkshire-street,12233,2665.0,3957,2436,1964,1429,1127,1502,656,185,608,253,219,300
1094,2022-06,wiltshire-street,1744,922.0,401,412,308,219,193,231,68,44,60,37,24,30
